<?xml version="1.0" encoding="utf-8" standalone="no" ?>
<modDesc descVersion="64">
    <author>GIANTS Software moded by FarmaField</author>
    <version>1.0.0.1</version>
    <title>
        <en>Krampe SB II 30/1070 Unreal</en>
    </title>
    <description>
        <en>
<![CDATA[
Krampe SB II 30/1070
Price: 84.000 €
Capacity: 58.000 l

Krampe SB II 30/1070 Unreal
Price: 84.000 €
Capacity: 250000.000 l

Changelog 1.0.0.1:
Added hoses & cable connections
Fixed materials
]]>
</en>
        <de>
<![CDATA[
Krampe SB II 30/1070
Preis: 84.000 €
Kapazität: 58.000 l

Krampe SB II 30/1070 unwirklich
Preis: 84.000 €
Kapazität: 250000.000 l

Changelog 1.0.0.1:
Schlauch und Kabelverbindungen hinzugefügt
Materialien angepasst
]]>
</de>
        <fr>
<![CDATA[
Krampe SB II 30/1070
Prix: 84.000 €
Capacité: 58.000 l

Krampe SB II 30/1070 irréel
Prix: 84.000 €
Capacité: 58.000 l

Changelog 1.0.0.1:
Ajout de flexibles et de connexions de câbles
Correction des matériaux
]]>
</fr>
    </description>
    <iconFilename>icon_SB3060.dds</iconFilename>
    <multiplayer supported="true" />

    <storeItems>
        <storeItem xmlFilename="sb3060.xml" />
		<storeItem xmlFilename="sb3060Unreal.xml" />
    </storeItems>
</modDesc>
