﻿<?xml version="1.0" encoding="utf-8" standalone="no" ?>
<vehicle type="trailer" xmlns:xsi="http://www.w3.org/2001/XMLSchema-instance" xsi:noNamespaceSchemaLocation="https://validation.gdn.giants-software.com//xml/fs22/vehicle.xsd">
    <annotation>Copyright (C) GIANTS Software GmbH, All Rights Reserved.</annotation>

    <storeData>
        <name>SB II 30/1070</name>
        <specs>
            <combination filterCategory="trucks" />
            <combination xmlFilename="$data/vehicles/krampe/dolly10L/dolly10L.xml"/>
        </specs>
        <functions>
            <function>$l10n_function_tipper</function>
            <function>$l10n_function_semiTrailer</function>
        </functions>
        <image>store_krampeSB3060.png</image>
        <price>84000</price>
        <lifetime>600</lifetime>
        <rotation>0</rotation>
        <brand>KRAMPE</brand>
        <category>trailers</category>
        <shopTranslationOffset>0 -0.009 0</shopTranslationOffset>
        <shopRotationOffset>0.565 0 0</shopRotationOffset>
        <vertexBufferMemoryUsage>1059840</vertexBufferMemoryUsage>
        <indexBufferMemoryUsage>164352</indexBufferMemoryUsage>
        <textureMemoryUsage>2031616</textureMemoryUsage>
        <audioMemoryUsage>0</audioMemoryUsage>
        <instanceVertexBufferMemoryUsage>0</instanceVertexBufferMemoryUsage>
        <instanceIndexBufferMemoryUsage>0</instanceIndexBufferMemoryUsage>
    </storeData>

    <base>
        <typeDesc>$l10n_typeDesc_tipper</typeDesc>
        <filename>sb3060.i3d</filename>
        <size width="3.8" length="13.5" height="4.3"/>
        <components maxMass="39000">
            <component centerOfMass="0 0.7 -0.5" solverIterationCount="10" mass="7120" />
        </components>
        <schemaOverlay attacherJointPosition="0 0" name="IMPLEMENT" />
        <mapHotspot type="TRAILER" />
    </base>

    <wheels>
        <wheelConfigurations>
            <wheelConfiguration name="$l10n_configuration_valueDefault" price="0" brand="TRELLEBORG" saveId="TRELLEBORG_DEFAULT">
                <wheels>
                    <wheel filename="$data/shared/wheels/tires/trelleborg/TwinRadial/560_60R22_5.xml" isLeft="true" hasParticles="true">
                        <physics tipOcclusionAreaGroupId="1" restLoad="1.0" repr="wheelAxisFrontLeft"  driveNode="wheelFrontLeft"  forcePointRatio="0.35" initialCompression="10" suspTravel="0.15" spring="55" damper="55" yOffset="0.0435" frictionScale="1.8"/>
                        <steeringAxle scale="0.3" rotMax="10" rotMin="-10" />
                    </wheel>
                    <wheel filename="$data/shared/wheels/tires/trelleborg/TwinRadial/560_60R22_5.xml" isLeft="false" hasParticles="true">
                        <physics tipOcclusionAreaGroupId="1" restLoad="1.0" repr="wheelAxisFrontRight" driveNode="wheelFrontRight" forcePointRatio="0.35" initialCompression="10" suspTravel="0.15" spring="55" damper="55" yOffset="0.0435" frictionScale="1.8"/>
                        <steeringAxle scale="0.3" rotMax="10" rotMin="-10" />
                    </wheel>

                    <wheel filename="$data/shared/wheels/tires/trelleborg/TwinRadial/560_60R22_5.xml" isLeft="true" >
                        <physics tipOcclusionAreaGroupId="1" restLoad="1.0" repr="wheelMainLeft"                                   forcePointRatio="0.35" initialCompression="10" suspTravel="0.15" spring="55" damper="55" yOffset="0.026" frictionScale="1.9"/>
                        <wheelChock parkingNode="wheelChockParkingLeft" />
                        <wheelChock parkingNode="wheelChockParkingRight" isInverted="true" />
                    </wheel>
                    <wheel filename="$data/shared/wheels/tires/trelleborg/TwinRadial/560_60R22_5.xml" isLeft="false" >
                        <physics tipOcclusionAreaGroupId="1" restLoad="1.0" repr="wheelMainRight"                                  forcePointRatio="0.35" initialCompression="10" suspTravel="0.15" spring="55" damper="55" yOffset="0.026" frictionScale="1.9"/>
                    </wheel>

                    <wheel filename="$data/shared/wheels/tires/trelleborg/TwinRadial/560_60R22_5.xml" isLeft="true" hasTireTracks="true" hasParticles="true">
                        <physics tipOcclusionAreaGroupId="1" restLoad="1.0" repr="wheelAxisBackLeft"  driveNode="wheelBackLeft"    forcePointRatio="0.35" initialCompression="10" suspTravel="0.15" spring="55" damper="55" yOffset="0.008" frictionScale="2.0"/>
                        <steeringAxle scale="-0.7" rotMax="22" rotMin="-22" />
                    </wheel>
                    <wheel filename="$data/shared/wheels/tires/trelleborg/TwinRadial/560_60R22_5.xml" isLeft="false" hasTireTracks="true" hasParticles="true">
                        <physics tipOcclusionAreaGroupId="1" restLoad="1.0" repr="wheelAxisBackRight" driveNode="wheelBackRight"   forcePointRatio="0.35" initialCompression="10" suspTravel="0.15" spring="55" damper="55" yOffset="0.008" frictionScale="2.0"/>
                        <steeringAxle scale="-0.7" rotMax="22" rotMin="-22" />
                    </wheel>
                </wheels>
            </wheelConfiguration>

            <wheelConfiguration name="$l10n_configuration_valueDefault" price="0" brand="MICHELIN" saveId="MICHELIN_DEFAULT">
                <wheels baseConfig="TRELLEBORG_DEFAULT">
                    <wheel filename="$data/shared/wheels/tires/michelin/cargoXBibHD/560_60R22_5.xml">
                        <physics yOffset="0.0455"/>
                    </wheel>
                    <wheel filename="$data/shared/wheels/tires/michelin/cargoXBibHD/560_60R22_5.xml">
                        <physics yOffset="0.0455"/>
                    </wheel>

                    <wheel filename="$data/shared/wheels/tires/michelin/cargoXBibHD/560_60R22_5.xml">
                        <physics yOffset="0.028"/>
                        <wheelChock/>
                        <wheelChock/>
                    </wheel>
                    <wheel filename="$data/shared/wheels/tires/michelin/cargoXBibHD/560_60R22_5.xml">
                        <physics yOffset="0.028"/>
                    </wheel>

                    <wheel filename="$data/shared/wheels/tires/michelin/cargoXBibHD/560_60R22_5.xml">
                        <physics yOffset="0.01"/>
                    </wheel>
                    <wheel filename="$data/shared/wheels/tires/michelin/cargoXBibHD/560_60R22_5.xml">
                        <physics yOffset="0.01"/>
                    </wheel>
                </wheels>
            </wheelConfiguration>

            <wheelConfiguration name="$l10n_configuration_valueDefault" price="0" brand="VREDESTEIN" saveId="VREDESTEIN_DEFAULT">
                <wheels baseConfig="MICHELIN_DEFAULT">
                    <wheel filename="$data/shared/wheels/tires/vredestein/flotationTrac/560_60R22_5.xml"/>
                    <wheel filename="$data/shared/wheels/tires/vredestein/flotationTrac/560_60R22_5.xml"/>

                    <wheel filename="$data/shared/wheels/tires/vredestein/flotationTrac/560_60R22_5.xml">
                        <wheelChock/>
                        <wheelChock/>
                    </wheel>
                    <wheel filename="$data/shared/wheels/tires/vredestein/flotationTrac/560_60R22_5.xml"/>

                    <wheel filename="$data/shared/wheels/tires/vredestein/flotationTrac/560_60R22_5.xml"/>
                    <wheel filename="$data/shared/wheels/tires/vredestein/flotationTrac/560_60R22_5.xml"/>
                </wheels>
            </wheelConfiguration>

            <wheelConfiguration name="$l10n_configuration_valueDefault" price="0" brand="BKT" saveId="BKT_DEFAULT">
                <wheels baseConfig="TRELLEBORG_DEFAULT">
                    <wheel filename="$data/shared/wheels/tires/bkt/ridemaxFL693M/560_60R22_5.xml"/>
                    <wheel filename="$data/shared/wheels/tires/bkt/ridemaxFL693M/560_60R22_5.xml"/>

                    <wheel filename="$data/shared/wheels/tires/bkt/ridemaxFL693M/560_60R22_5.xml">
                        <wheelChock/>
                        <wheelChock/>
                    </wheel>
                    <wheel filename="$data/shared/wheels/tires/bkt/ridemaxFL693M/560_60R22_5.xml"/>

                    <wheel filename="$data/shared/wheels/tires/bkt/ridemaxFL693M/560_60R22_5.xml"/>
                    <wheel filename="$data/shared/wheels/tires/bkt/ridemaxFL693M/560_60R22_5.xml"/>
                </wheels>
            </wheelConfiguration>
        </wheelConfigurations>

        <rimColor material="18">SHARED_WHITE1</rimColor>

        <hubs>
            <color0>SHARED_BLACK1</color0>
            <color1>SHARED_BLACK1</color1>
            <hub linkNode="wheelFrontLeft"  filename="$data/shared/wheels/hubs/hub_n10_5.xml" isLeft="true"  scale="0.335 0.335 0.335" offset="0.005"/>
            <hub linkNode="wheelFrontRight" filename="$data/shared/wheels/hubs/hub_n10_5.xml" isLeft="false" scale="0.335 0.335 0.335" offset="0.005"/>
            <hub linkNode="wheelMainLeft"   filename="$data/shared/wheels/hubs/hub_n10_5.xml" isLeft="true"  scale="0.335 0.335 0.335" offset="0.005"/>
            <hub linkNode="wheelMainRight"  filename="$data/shared/wheels/hubs/hub_n10_5.xml" isLeft="false" scale="0.335 0.335 0.335" offset="0.005"/>
            <hub linkNode="wheelBackLeft"   filename="$data/shared/wheels/hubs/hub_n10_5.xml" isLeft="true"  scale="0.335 0.335 0.335" offset="0.005"/>
            <hub linkNode="wheelBackRight"  filename="$data/shared/wheels/hubs/hub_n10_5.xml" isLeft="false" scale="0.335 0.335 0.335" offset="0.005"/>
        </hubs>
    </wheels>

    <attachable>
        <inputAttacherJoints>
            <inputAttacherJoint node="attacherJoint" jointType="semitrailer" attacherHeight="1.33" />
        </inputAttacherJoints>
        <brakeForce force="0.8" maxForce="2.3" maxForceMass="39000"/>
        <airConsumer usage="0.5" />
        <support animationName="moveSupport" />
    </attachable>

    <licensePlates>
        <licensePlate node="licensePlate" position="BACK" preferedType="ELONGATED" placementArea="0.05 0.25 0.05 0.25">
            <objectChange node="licensePlate" visibilityActive="true" visibilityInactive="false"/>
        </licensePlate>
    </licensePlates>

    <lights>
        <sharedLight linkNode="plateNumberLight03" filename="$data/shared/assets/lights/lizard/plateNumberLight03.xml"/>
        <sharedLight linkNode="plateNumberLight04" filename="$data/shared/assets/lights/lizard/plateNumberLight03.xml"/>
        <sharedLight linkNode="worklight01"        filename="$data/shared/assets/lights/hella/hellaWorkingLightSquare_02_back.xml">
            <rotationNode name="rotationNode1" rotation="-15 0 0" />
        </sharedLight>
        <sharedLight linkNode="worklight02"        filename="$data/shared/assets/lights/hella/hellaWorkingLightSquare_02_back.xml">
            <rotationNode name="rotationNode1" rotation="-15 0 0" />
        </sharedLight>

        <sharedLight linkNode="sideMarkerLeft"     filename="$data/shared/assets/lights/lizard/sideMarker03_left.xml" />
        <sharedLight linkNode="sideMarkerRight"    filename="$data/shared/assets/lights/lizard/sideMarker03_right.xml" />
        <sharedLight linkNode="backlightLeft"      filename="$data/shared/assets/lights/lizard/rearLight31_left.xml" />
        <sharedLight linkNode="backlightRight"     filename="$data/shared/assets/lights/lizard/rearLight31_right.xml" />
        <sharedLight linkNode="yellowRectangle01"  filename="$data/shared/assets/reflectors/lizard/yellowRectangle_01.xml" />
        <sharedLight linkNode="yellowRectangle02"  filename="$data/shared/assets/reflectors/lizard/yellowRectangle_01.xml" />
        <sharedLight linkNode="yellowRectangle03"  filename="$data/shared/assets/reflectors/lizard/yellowRectangle_01.xml" />
        <sharedLight linkNode="yellowRectangle04"  filename="$data/shared/assets/reflectors/lizard/yellowRectangle_01.xml" />
        <sharedLight linkNode="yellowRectangle05"  filename="$data/shared/assets/reflectors/lizard/yellowRectangle_01.xml" />
        <sharedLight linkNode="yellowRectangle06"  filename="$data/shared/assets/reflectors/lizard/yellowRectangle_01.xml" />
        <sharedLight linkNode="yellowRectangle07"  filename="$data/shared/assets/reflectors/lizard/yellowRectangle_01.xml" />
        <sharedLight linkNode="yellowRectangle08"  filename="$data/shared/assets/reflectors/lizard/yellowRectangle_01.xml" />
        <sharedLight linkNode="yellowRectangle09"  filename="$data/shared/assets/reflectors/lizard/yellowRectangle_01.xml" />
        <sharedLight linkNode="yellowRectangle10"  filename="$data/shared/assets/reflectors/lizard/yellowRectangle_01.xml" />
        <sharedLight linkNode="yellowRound01"      filename="$data/shared/assets/reflectors/lizard/yellowRound_01.xml" />
        <sharedLight linkNode="yellowRound02"      filename="$data/shared/assets/reflectors/lizard/yellowRound_01.xml" />

        <realLights>
            <high>
                <light node="licensePlateLightHigh" lightTypes="0" />
                <light node="backLightLeft" lightTypes="0" />
                <light node="backLightRight" lightTypes="0" />
                <light node="workLight" lightTypes="1" />
                <light node="workLight1" lightTypes="1" />
                <turnLightLeft node="turnLightLeftBack" />
                <turnLightRight node="turnLightRightBack" />
                <brakeLight node="backLightLeft" />
                <brakeLight node="backLightRight" />
                <reverseLight node="reverseLight"/>
            </high>
        </realLights>
    </lights>

    <connectionHoses>
        <hose inputAttacherJointIndices="1" type="airDoubleYellow"  node="airDoubleYellow" adapterNode="airDoubleYellow_detached"  length="0.8" diameter="0.015">
           <objectChange node="airDoubleYellow_detached" visibilityActive="false" visibilityInactive="true"/>
        </hose>
        <hose inputAttacherJointIndices="1" type="airDoubleRed" node="airDoubleRed" adapterNode="airDoubleRed_detached" length="0.8" diameter="0.015">
           <objectChange node="airDoubleRed_detached" visibilityActive="false" visibilityInactive="true"/>
        </hose>
        <hose inputAttacherJointIndices="1" type="electric" node="electric" adapterNode="electric_detached" length="0.8" diameter="0.015">
           <objectChange node="electric_detached" visibilityActive="false" visibilityInactive="true"/>
        </hose>
    </connectionHoses>

    <animations>
        <animation name="tipAnimationBack">
            <part node="belt"      startTime="1" endTime="10" shaderParameter="offsetUV" shaderStartValues="0 0 0 0" shaderEndValues="0 3.5 0 0"/>

            <sound template="metalLowVar2"  startTime="0.15"  direction="-1"  volumeScale="4.0" pitchScale="0.9"/>
            <sound template="metalOpen"     startTime="0.25"  direction="-1"  volumeScale="1.5" pitchScale="0.5"/>
            <sound template="cylinderPunch" startTime="0.05"  direction="0"/>
            <sound template="thudVar2"      startTime="11.9"  direction="-1"  volumeScale="1.4" pitchScale="0.7"/>
            <sound template="clackVar6"     startTime="11.99" direction="-1"  volumeScale="0.7" pitchScale="0.3"/>
            <sound template="clackVar6"     startTime="0.01"  direction="1"   volumeScale="1"   pitchScale="0.3"/>
            <sound template="metalLowVar2"  startTime="11.99" direction="1"   volumeScale="4.0" pitchScale="0.9"/>
            <sound template="metalOpen"     startTime="11.80" direction="1"   volumeScale="1.5" pitchScale="0.4"/>
            <sound template="cylinderPunch" startTime="11.99" direction="1"/>
        </animation>
        <animation name="tipAnimationBackDoor">
            <part node="backDoor"   startTime="0.0" endTime="2.5" startRot="0 0 0" endRot="100 0 0" />

            <sound template="clackVar2"  startTime="0.05" direction="0"  volumeScale="1.0" pitchScale="1.7"/>
            <sound template="metalOpen"  startTime="2.4"  direction="1"  volumeScale="3" pitchScale="0.4"/>
            <sound template="metalOpen"  startTime="2.4"  direction="-1" volumeScale="2.5" pitchScale="0.4"/>
            <sound template="metalOpen"  startTime="2.4"  direction="1"  volumeScale="3.0" pitchScale="0.8"/>
            <sound template="clackVar5"  startTime="2.49" direction="1"  volumeScale="2.0" pitchScale="0.6"/>
            <sound template="metalClose" startTime="0.05" direction="1"  volumeScale="3.0" pitchScale="0.3"/>
            <sound template="metalOpen"  startTime="0.05" direction="-1" volumeScale="2.5" pitchScale="0.5"/>
            <sound template="metalClose" startTime="0.01" direction="-1" volumeScale="2.0" pitchScale="1.1"/>
            <sound template="latchSmall" startTime="0.03" direction="-1" volumeScale="0.1" pitchScale="0.6"/>
            <sound template="metalOpen"  startTime="0.15" direction="1"  volumeScale="3.5" pitchScale="0.6"/>
        </animation>
        <animation name="tipAnimationBackDoorSlidingFloor">
            <part node="backDoor"   startTime="0.0" endTime="2.5" startRot="0 0 0" endRot="110 0 0" />

            <sound template="metalLowVar2"  startTime="0.01" direction="-1"  volumeScale="4.0" pitchScale="0.9"/>
            <sound template="metalOpen"     startTime="0.01" direction="-1"  volumeScale="1.5" pitchScale="0.5"/>
            <sound template="cylinderPunch" startTime="0.01" direction="0"/>
            <sound template="metalOpen"     startTime="0.01" direction="1"   volumeScale="3.5" pitchScale="0.6"/>
            <sound template="clackVar2"     startTime="0.05" direction="0"   volumeScale="1.0" pitchScale="1.7"/>
            <sound template="metalLowVar2"  startTime="2.49" direction="1"   volumeScale="4.0" pitchScale="0.9"/>
            <sound template="metalOpen"     startTime="2.49" direction="1"   volumeScale="1.5" pitchScale="0.4"/>
            <sound template="clackVar6"     startTime="2.49" direction="1"   volumeScale="1.5" pitchScale="0.6"/>
            <sound template="cylinderPunch" startTime="2.49" direction="1"/>
            <sound template="metalOpen"     startTime="0.05" direction="-1"  volumeScale="2.5" pitchScale="0.5"/>
            <sound template="metalClose"    startTime="0.01" direction="-1"  volumeScale="2.0" pitchScale="1.1"/>
            <sound template="latchSmall"    startTime="0.03" direction="-1"  volumeScale="0.1" pitchScale="0.6"/>
            <sound template="thudVar2"      startTime="2.49" direction="-1"  volumeScale="1.4" pitchScale="0.7"/>
            <sound template="clackVar6"     startTime="2.49" direction="-1"  volumeScale="1"   pitchScale="0.3"/>
        </animation>
        <animation name="tipAnimationBackDoorGrainDoor">
            <part node="grainDoor" startTime="0" endTime="1"  startTrans="0 -1.809 -0.946" endTrans="0 -1.352 -0.946" />

            <sound template="latchSmall"    startTime="0.01" direction="1"  volumeScale="0.4" pitchScale="0.5" linkNode="grainDoor"/>
            <sound template="latchSmall"    startTime="0.99" direction="-1" volumeScale="0.2" pitchScale="0.7" linkNode="grainDoor"/>
            <sound template="slideOpen"     startTime="0.02" direction="1"  volumeScale="2"   pitchScale="2"   linkNode="grainDoor"/>
            <sound template="slideClose"    startTime="0.99" direction="-1" volumeScale="2"   pitchScale="2"   linkNode="grainDoor"/>
            <sound template="metalClose"    startTime="0.9"  direction="1"  volumeScale="0.8" pitchScale="2"   linkNode="grainDoor"/>
            <sound template="clackVar6"     startTime="0.9"  direction="1"  volumeScale="1.1" pitchScale="0.8" linkNode="grainDoor"/>
            <sound template="cylinderPunch" startTime="0.9"  direction="1"  volumeScale="0.5" pitchScale="1.2" linkNode="grainDoor"/>
            <sound template="cylinderPunch" startTime="0.1"  direction="-1" volumeScale="0.5" pitchScale="1.2" linkNode="grainDoor"/>
            <sound template="metalClose"    startTime="0.1"  direction="-1" volumeScale="0.8" pitchScale="1.8" linkNode="grainDoor"/>
            <sound template="clackVar6"     startTime="0.1"  direction="-1" volumeScale="0.8" pitchScale="1"   linkNode="grainDoor"/>
        </animation>

        <animation name="tipAnimationSlidingFloor">
            <part node="belt"      startTime="0" endTime="10" shaderParameter="offsetUV" shaderStartValues="0 0 0 0" shaderEndValues="0 3.5 0 0"/>
        </animation>
        <animation name="slidingFloorBackward" looping="true">
            <part node="bodyCollisionFloor01"   startTime="0.00" endTime="0.001" startFrictionVelocity="0" endFrictionVelocity="-0.2" />
            <part node="bodyCollisionFloor01"   startTime="0.099" endTime="0.10" startFrictionVelocity="-0.2" endFrictionVelocity="0" />
            <part node="bodyCollisionFloor02"   startTime="0.00" endTime="0.001" startFrictionVelocity="0" endFrictionVelocity="-0.2" />
            <part node="bodyCollisionFloor02"   startTime="0.099" endTime="0.10" startFrictionVelocity="-0.2" endFrictionVelocity="0" />
            <part node="bodyCollisionFloor03"   startTime="0.00" endTime="0.001" startFrictionVelocity="0" endFrictionVelocity="-0.2" />
            <part node="bodyCollisionFloor03"   startTime="0.099" endTime="0.10" startFrictionVelocity="-0.2" endFrictionVelocity="0" />
            <part node="bodyCollisionFloor04"   startTime="0.00" endTime="0.001" startFrictionVelocity="0" endFrictionVelocity="-0.2" />
            <part node="bodyCollisionFloor04"   startTime="0.099" endTime="0.10" startFrictionVelocity="-0.2" endFrictionVelocity="0" />
            <part node="bodyCollisionFloorLeft"  startTime="0.00" endTime="0.001" startFrictionVelocity="0" endFrictionVelocity="-0.2" />
            <part node="bodyCollisionFloorLeft"  startTime="0.099" endTime="0.10" startFrictionVelocity="-0.2" endFrictionVelocity="0" />
            <part node="bodyCollisionFloorRight" startTime="0.00" endTime="0.001" startFrictionVelocity="0" endFrictionVelocity="-0.2" />
            <part node="bodyCollisionFloorRight" startTime="0.099" endTime="0.10" startFrictionVelocity="-0.2" endFrictionVelocity="0" />

        </animation>
        <animation name="slidingFloorForward" looping="true">
            <part node="bodyCollisionFloor01"   startTime="0.00" endTime="0.001" startFrictionVelocity="0" endFrictionVelocity="0.2" />
            <part node="bodyCollisionFloor01"   startTime="0.099" endTime="0.10" startFrictionVelocity="0.2" endFrictionVelocity="0" />
            <part node="bodyCollisionFloor02"   startTime="0.00" endTime="0.001" startFrictionVelocity="0" endFrictionVelocity="0.2" />
            <part node="bodyCollisionFloor02"   startTime="0.099" endTime="0.10" startFrictionVelocity="0.2" endFrictionVelocity="0" />
            <part node="bodyCollisionFloor03"   startTime="0.00" endTime="0.001" startFrictionVelocity="0" endFrictionVelocity="0.2" />
            <part node="bodyCollisionFloor03"   startTime="0.099" endTime="0.10" startFrictionVelocity="0.2" endFrictionVelocity="0" />
            <part node="bodyCollisionFloor04"   startTime="0.00" endTime="0.001" startFrictionVelocity="0" endFrictionVelocity="0.2" />
            <part node="bodyCollisionFloor04"   startTime="0.099" endTime="0.10" startFrictionVelocity="0.2" endFrictionVelocity="0" />
            <part node="bodyCollisionFloorLeft"  startTime="0.00" endTime="0.001" startFrictionVelocity="0" endFrictionVelocity="0.2" />
            <part node="bodyCollisionFloorLeft"  startTime="0.099" endTime="0.10" startFrictionVelocity="0.2" endFrictionVelocity="0" />
            <part node="bodyCollisionFloorRight" startTime="0.00" endTime="0.001" startFrictionVelocity="0" endFrictionVelocity="0.2" />
            <part node="bodyCollisionFloorRight" startTime="0.099" endTime="0.10" startFrictionVelocity="0.2" endFrictionVelocity="0" />

            <!-- <sound template="hydraulicLayerTone2" startTime="0.01" endTime="0.24" volumeScale="1"   pitchScale="1.2" />
            <sound template="clackVar6"           startTime="0.25" direction="1"  volumeScale="0.2" pitchScale="1.6"/>
            <sound template="sheetImp02"          startTime="0.25" direction="1"  volumeScale="1.3" pitchScale="1.4"/>
            <sound template="hydraulicLayerTone2" startTime="0.25" endTime="0.49" volumeScale="1"   pitchScale="1.2" />
            <sound template="clackVar6"           startTime="0.5"  direction="1"  volumeScale="0.2" pitchScale="1.4"/>
            <sound template="sheetImp02"          startTime="0.5"  direction="1"  volumeScale="1.3" pitchScale="1.6"/>
            <sound template="hydraulicLayerTone2" startTime="0.50" endTime="0.75" volumeScale="1"   pitchScale="1.2" />
            <sound template="clackVar6"           startTime="0.75" direction="1"  volumeScale="0.2" pitchScale="1.8"/>
            <sound template="sheetImp02"          startTime="0.75" direction="1"  volumeScale="1.3" pitchScale="1.3"/>
            <sound template="hydraulicLayerTone2" startTime="0.75" endTime="0.99" volumeScale="0.9" pitchScale="1.6" /> -->
        </animation>

        <animation name="moveSupport">
            <part node="supportArm"     startTime="0"    endTime="0.2"  startTrans="-0.002 -0.852 -2.513" endTrans="-0.002 -1.32 -2.513" />

            <sound template="clackVar6" startTime="0.19" direction="-1" volumeScale="0.9" pitchScale="0.7" linkNode="supportArm"/>
        </animation>

        <animation name="toggleCover">
            <part node="coverPlaneOpen"   startTime="0"    endTime="0.05" visibility="false" />
            <part node="coverPlaneClosed" startTime="0"    endTime="0.05" visibility="true" />
            <part node="coverPlaneOpen"   startTime="0.05" endTime="0.1"  visibility="true" />
            <part node="coverPlaneClosed" startTime="0.05" endTime="0.1"  visibility="false" />

            <sound template="fabricCover2" startTime="0.01" direction="1"  volumeScale="2" pitchScale="1.2"/>
            <sound template="fabricCover1" startTime="0.05" direction="-1" volumeScale="2" pitchScale="1.5"/>
        </animation>
    </animations>

    <cylindered>
        <movingTools>
            <movingTool node="backDoor" playSound="true" >
                <dependentPart node="hydraulicDoor" />
            </movingTool>
            <movingTool node="grainDoor">
                <dependentPart node="grainDoorOpener" />
            </movingTool>
        </movingTools>
        <movingParts>
            <movingPart node="hydraulicDoor" referencePoint="hydraulicDoorRef" referenceFrame="hydraulicDoorRefFrame">
                <translatingPart node="hydraulicDoorPunch" />
            </movingPart>
            <movingPart node="grainDoorOpener" referencePoint="grainDoor" referenceFrame="grainDoor" scaleZ="true" />

            <movingPart node="axisFront" referencePoint="frontAxisRef" referenceFrame="SB3060_main_component1" isActiveDirty="true" maxUpdateDistance="300" limitedAxis="2" />
            <movingPart node="axisBack" referencePoint="backAxisRef" referenceFrame="SB3060_main_component1" isActiveDirty="true" maxUpdateDistance="300" limitedAxis="2" />
        </movingParts>
    </cylindered>

    <fillUnit>
        <fillUnitConfigurations>
            <fillUnitConfiguration>
                <fillUnits>
                    <fillUnit shopDisplayUnit="CUBICMETER" fillTypeCategories="bulk" capacity="58000" allowAILoading="true">
                        <exactFillRootNode node="exactFillRootNode" />
                        <autoAimTargetNode node="fillAutoAimTargetNode" startZ="4.7" endZ="-5.4" invert="false" startPercentage="25"/>
                    </fillUnit>
                </fillUnits>
            </fillUnitConfiguration>
        </fillUnitConfigurations>
    </fillUnit>

    <fillVolume>
        <fillVolumeConfigurations>
            <fillVolumeConfiguration>
                <volumes>
                    <volume node="fillVolume" maxDelta="0.1" maxAllowedHeapAngle="10" fillUnitIndex="1"/>
                </volumes>
            </fillVolumeConfiguration>
        </fillVolumeConfigurations>

        <unloadInfos>
            <unloadInfo>
                <node node="unloadInfoNode" width="1.0" length="1.7" />
            </unloadInfo>
        </unloadInfos>

        <heightNodes>
             <heightNode fillVolumeIndex="1" >
                <refNode node="heightNode1" />
                <refNode node="heightNode2" />
                <node node="effectParticleTipping" baseScale="1 0.1 1" scaleAxis="0 0.5 0" transAxis="0 0 0" />
                <node node="grainNorm" baseScale="1 1 1" transAxis="0 1 0" />
            </heightNode>
        </heightNodes>
    </fillVolume>

    <trailer>
        <trailerConfigurations>
            <trailerConfiguration>
                <trailer>
                    <tipSide name="$l10n_info_tipSideBack" dischargeNodeIndex="1">
                        <animation name="tipAnimationBack" speedScale="0.9" closeSpeedScale="1.0" />
                        <doorAnimation name="tipAnimationBackDoor" speedScale="1.0" startTipTime="0.32" delayedClosing="false"/>
                        <fillLevel fillUnitIndex="1" minFillLevelPct="0.000001" />
                    </tipSide>
                    <tipSide name="$l10n_info_tipSideBackGrainDoor" dischargeNodeIndex="2">
                        <animation name="tipAnimationBack" speedScale="0.3" closeSpeedScale="1"/>
                        <doorAnimation name="tipAnimationBackDoorGrainDoor" speedScale="0.5" startTipTime="0.2" delayedClosing="false"/>
                        <fillLevel fillUnitIndex="1" minFillLevelPct="0.000001" />
                    </tipSide>

                    <tipSide name="$l10n_info_slidingFloorBackward" dischargeNodeIndex="3">
                        <manualTipToggle enabled="true" inputActionTextPos="$l10n_action_slidingFloorStart" inputActionTextNeg="$l10n_action_slidingFloorStop"/>
                        <manualDoorToggle enabled="true"/>
                        <animation name="tipAnimationSlidingFloor" speedScale="0.3" closeSpeedScale="0"/>
                        <tippingAnimation name="slidingFloorBackward" speedScale="1"/>
                        <doorAnimation name="tipAnimationBackDoorSlidingFloor" speedScale="0.5"/>
                        <fillLevel fillUnitIndex="1" maxFillLevelPct="0.000001" />
                    </tipSide>
                    <tipSide name="$l10n_info_slidingFloorForward" dischargeNodeIndex="3">
                        <manualTipToggle enabled="true" inputActionTextPos="$l10n_action_slidingFloorStart" inputActionTextNeg="$l10n_action_slidingFloorStop"/>
                        <manualDoorToggle enabled="true"/>
                        <animation name="tipAnimationSlidingFloor" speedScale="-0.3" closeSpeedScale="0"/>
                        <tippingAnimation name="slidingFloorForward" speedScale="1"/>
                        <doorAnimation name="tipAnimationBackDoorSlidingFloor" speedScale="0.5"/>
                        <fillLevel fillUnitIndex="1" maxFillLevelPct="0.000001" />
                    </tipSide>
                </trailer>
            </trailerConfiguration>
        </trailerConfigurations>
    </trailer>

    <dischargeable>
        <dischargeNode node="dischargeNode" emptySpeed="4242" fillUnitIndex="1" allowAIDischarge="true">
            <info width="2.5" length="0.5" />
            <effects>
                <effectNode effectClass="TipEffect">
                    <effectNode effectNode="effectParticleTipping" effectClass="ParticleEffect" materialType="unloadingParticle"/>
                    <effectNode effectNode="grainNorm" materialType="unloading"  fadeTime="0.5" extraDistanceNode="dischargeNode" extraDistance="0.4"/>
                </effectNode>
                <effectNode effectNode="smokeNorm" materialType="unloadingSmoke" fadeTime="0.5"/>
            </effects>
        </dischargeNode>
        <dischargeNode emptySpeed="1485" node="dischargeNodeGrainDoor" fillUnitIndex="1" unloadInfoIndex="1" >
            <info width="0.5" length="0.5" />
            <effects>
                <effectNode effectClass="TipEffect">
                    <effectNode effectNode="effectParticleGrainDoorTipping" effectClass="ParticleEffect" materialType="unloadingParticle" emitCountScale="3"/>
                    <effectNode effectNode="grainSmall" materialType="unloading"  fadeTime="0.5" extraDistanceNode="dischargeNodeGrainDoor" extraDistance="0.4"/>
                </effectNode>
                <effectNode effectNode="smokeSmall" materialType="unloadingSmoke" fadeTime="0.5"/>
            </effects>
        </dischargeNode>
        <dischargeNode node="dischargeNodeSlidingFloor" emptySpeed="2121" fillUnitIndex="1" unloadInfoIndex="2">
            <info width="2.5" length="0.5" />
            <effects>
                <effectNode effectClass="TipEffect">
                    <effectNode effectNode="effectParticleTipping" effectClass="ParticleEffect" materialType="unloadingParticle"/>
                    <effectNode effectNode="grainNorm" materialType="unloading"  fadeTime="0.5" extraDistanceNode="dischargeNode" extraDistance="0.4"/>
                </effectNode>
                <effectNode effectNode="smokeNorm" materialType="unloadingSmoke" fadeTime="0.5"/>
            </effects>
        </dischargeNode>
    </dischargeable>

    <cover>
        <coverConfigurations>
            <coverConfiguration>
                <cover openAnimation="toggleCover" fillUnitIndices="1" />
            </coverConfiguration>
        </coverConfigurations>
    </cover>

    <ai>
        <allowTurnBackward value="false"/>
        <turningRadiusLimitation radius="8"/>
        <agentAttachment jointNode="attacherJoint" rotCenterWheelIndices="1 2 3 4 5 6" width="2.9" height="4.15" length="12.7" lengthOffset="2.3"/>
    </ai>

    <foliageBending>
        <bendingNode minX="-1.4" maxX="1.4" minZ="-6.2" maxZ="2.2" yOffset="0.6" />
        <bendingNode minX="-1.25" maxX="1.25" minZ="2.1" maxZ="6.1" yOffset="1.3" />
    </foliageBending>

    <baseMaterial>
        <material name="krampeSB3060_mat" baseNode="krampe_vis">
            <shaderParameter name="colorMat0" value="KRAMPE_RED1"/>
            <shaderParameter name="colorMat1" value="KRAMPE_GREY1"/>
        </material>
    </baseMaterial>

    <wearable wearDuration="480" workMultiplier="5" fieldMultiplier="2"/>
    <washable dirtDuration="90" washDuration="1" workMultiplier="3" fieldMultiplier="2"/>

    <i3dMappings>
        <i3dMapping id="SB3060_main_component1" node="0>" />
        <i3dMapping id="krampe_vis" node="0>0" />
        <i3dMapping id="electric" node="0>0|0|0" />
        <i3dMapping id="airDoubleRed" node="0>0|0|1" />
        <i3dMapping id="airDoubleYellow" node="0>0|0|2" />
        <i3dMapping id="airDoubleYellow_detached" node="0>0|0|3" />
        <i3dMapping id="airDoubleRed_detached" node="0>0|0|4" />
        <i3dMapping id="electric_detached" node="0>0|0|5" />
        <i3dMapping id="backDoor" node="0>0|1" />
        <i3dMapping id="hydraulicDoorRef" node="0>0|1|0" />
        <i3dMapping id="grainDoor" node="0>0|1|1" />
        <i3dMapping id="grainDoorOpener" node="0>0|1|2" />
        <i3dMapping id="hydraulicDoorRefFrame" node="0>0|2" />
        <i3dMapping id="hydraulicDoor" node="0>0|3" />
        <i3dMapping id="hydraulicDoorPunch" node="0>0|3|0" />
        <i3dMapping id="belt" node="0>0|4" />
        <i3dMapping id="fillVolume" node="0>0|5|0" />
        <i3dMapping id="unloadInfoNode" node="0>0|5|1" />
        <i3dMapping id="heightNodes" node="0>0|5|2" />
        <i3dMapping id="heightNode1" node="0>0|5|2|0" />
        <i3dMapping id="heightNode2" node="0>0|5|2|1" />
        <i3dMapping id="exactFillRootNode" node="0>0|6|0" />
        <i3dMapping id="fillAutoAimTargetNode" node="0>0|6|1" />
        <i3dMapping id="bodyCollisionFloor01" node="0>0|7|0" />
        <i3dMapping id="bodyCollisionFloor02" node="0>0|7|1" />
        <i3dMapping id="bodyCollisionFloor03" node="0>0|7|2" />
        <i3dMapping id="bodyCollisionFloor04" node="0>0|7|3" />
        <i3dMapping id="bodyCollisionFloorLeft" node="0>0|7|4" />
        <i3dMapping id="bodyCollisionFloorRight" node="0>0|7|5" />
        <i3dMapping id="effectNode" node="0>0|8|0" />
        <i3dMapping id="grainNorm" node="0>0|8|0|0" />
        <i3dMapping id="smokeNorm" node="0>0|8|0|1" />
        <i3dMapping id="effectParticleTipping" node="0>0|8|1|0" />
        <i3dMapping id="grainSmall" node="0>0|8|2|0" />
        <i3dMapping id="smokeSmall" node="0>0|8|2|1" />
        <i3dMapping id="particleNodeGrainDoor" node="0>0|8|3" />
        <i3dMapping id="effectParticleGrainDoorTipping" node="0>0|8|3|0" />
        <i3dMapping id="coverPlaneOpen" node="0>0|9|0" />
        <i3dMapping id="coverPlaneClosed" node="0>0|9|1" />
        <i3dMapping id="dischargeNodeGrainDoor" node="0>0|10" />
        <i3dMapping id="dischargeNode" node="0>0|11" />
        <i3dMapping id="dischargeNodeSlidingFloor" node="0>0|12" />
        <i3dMapping id="supportArm" node="0>0|13" />
        <i3dMapping id="backlightLeft" node="0>0|14|0|0" />
        <i3dMapping id="backlightRight" node="0>0|14|0|1" />
        <i3dMapping id="yellowRectangle01" node="0>0|14|0|2" />
        <i3dMapping id="yellowRectangle02" node="0>0|14|0|3" />
        <i3dMapping id="yellowRectangle03" node="0>0|14|0|4" />
        <i3dMapping id="yellowRectangle04" node="0>0|14|0|5" />
        <i3dMapping id="yellowRectangle05" node="0>0|14|0|6" />
        <i3dMapping id="yellowRectangle06" node="0>0|14|0|7" />
        <i3dMapping id="yellowRectangle07" node="0>0|14|0|8" />
        <i3dMapping id="yellowRectangle08" node="0>0|14|0|9" />
        <i3dMapping id="yellowRectangle09" node="0>0|14|0|10" />
        <i3dMapping id="yellowRectangle10" node="0>0|14|0|11" />
        <i3dMapping id="sideMarkerRight" node="0>0|14|0|12" />
        <i3dMapping id="sideMarkerLeft" node="0>0|14|0|13" />
        <i3dMapping id="yellowRound01" node="0>0|14|0|14" />
        <i3dMapping id="yellowRound02" node="0>0|14|0|15" />
        <i3dMapping id="worklight01" node="0>0|14|0|16" />
        <i3dMapping id="worklight02" node="0>0|14|0|17" />
        <i3dMapping id="backLightLeft" node="0>0|14|1" />
        <i3dMapping id="backLightRight" node="0>0|14|2" />
        <i3dMapping id="turnLightLeftBack" node="0>0|14|3" />
        <i3dMapping id="turnLightRightBack" node="0>0|14|4" />
        <i3dMapping id="reverseLight" node="0>0|14|5" />
        <i3dMapping id="workLight" node="0>0|14|6" />
        <i3dMapping id="workLight1" node="0>0|14|7" />
        <i3dMapping id="axisFront" node="0>0|15|0" />
        <i3dMapping id="axisBack" node="0>0|15|1" />
        <i3dMapping id="attacherJoint" node="0>0|16" />
        <i3dMapping id="wheelAxisFrontLeft" node="0>0|17|0" />
        <i3dMapping id="wheelFrontLeft" node="0>0|17|0|0" />
        <i3dMapping id="frontAxisRef" node="0>0|17|0|1" />
        <i3dMapping id="wheelAxisFrontRight" node="0>0|17|1" />
        <i3dMapping id="wheelFrontRight" node="0>0|17|1|0" />
        <i3dMapping id="wheelMainLeft" node="0>0|17|2" />
        <i3dMapping id="wheelMainRight" node="0>0|17|3" />
        <i3dMapping id="wheelAxisBackLeft" node="0>0|17|4" />
        <i3dMapping id="wheelBackLeft" node="0>0|17|4|0" />
        <i3dMapping id="backAxisRef" node="0>0|17|4|1" />
        <i3dMapping id="wheelAxisBackRight" node="0>0|17|5" />
        <i3dMapping id="wheelBackRight" node="0>0|17|5|0" />
        <i3dMapping id="wheelChocksParking" node="0>0|18" />
        <i3dMapping id="wheelChockParkingLeft" node="0>0|18|0" />
        <i3dMapping id="wheelChockParkingRight" node="0>0|18|1" />
        <i3dMapping id="licensePlate" node="0>0|23" />
        <i3dMapping id="plateNumberLight03" node="0>0|23|0" />
        <i3dMapping id="plateNumberLight04" node="0>0|23|1" />
        <i3dMapping id="licensePlateLightHigh" node="0>0|23|2" />
    </i3dMappings>
</vehicle>
