﻿<?xml version="1.0" encoding="utf-8" standalone="no"?>
<modDesc descVersion="64">
    <author>GIANTS Software moded by FarmaField</author>
    <version>1.0.0.0</version>

    <title>
        <en>Ropa RR-XL Premuim</en>
    </title>
	<iconFilename>store_rrXL9.dds</iconFilename>

    <description>
        <en>
            <![CDATA[
			Ropa RR-XL 9x45
			Sugar Beet, Beetroot, Carrot and Parsnip]]>
        </en>
        <de>
            <![CDATA[
			Ropa RR-XL 9x45
			Zuckerrübe and Rote Beete, Karotte und Pastinaken]]>
        </de>
        <fr>
            <![CDATA[
			Ropa RR-XL 9x45
			Betterave à sucre and betterave rouge, carotte et panais]]>
        </fr>
    </description>
    <multiplayer supported="true" /> 
	<storeItems>
        <storeItem xmlFilename="rrXL9.xml"/>
    </storeItems>
</modDesc>
