﻿<?xml version="1.0" encoding="utf-8" standalone="no"?>
<modDesc descVersion="64">
    <author>GIANTS Software moded by FarmaField</author>
    <version>1.0.0.0</version>

    <title>
        <en>Garant Kotte TSA 30000 Unreal</en>
    </title>
	<iconFilename>store_tsa.dds</iconFilename>

    <description>
        <en>
            <![CDATA[
			Garant Kotte TSA 30000
			Garant Kotte TSA 30000 Unreal]]>
        </en>
        <de>
            <![CDATA[
			Garant Kotte TSA 30000
			Garant Kotte TSA 30000 unwirklich]]>
        </de>
        <fr>
            <![CDATA[
			Garant Kotte TSA 30000
			Garant Kotte TSA 30000 irréel]]>
        </fr>
    </description>
    <multiplayer supported="true" /> 
	<storeItems>
        <storeItem xmlFilename="tsa.xml"/>
		<storeItem xmlFilename="tsaUnreal.xml"/>
    </storeItems>
</modDesc>
