﻿<?xml version="1.0" encoding="utf-8" standalone="no"?>
<modDesc descVersion="64">
    <author>GIANTS Software moded by FarmaField</author>
    <version>1.0.0.0</version>

    <title>
        <en>Krone GX520 Unreal</en>
    </title>
	<iconFilename>store_gx520.dds</iconFilename>

    <description>
        <en>
            <![CDATA[
			Krone GX520
			Krone GX520 Unreal]]>
        </en>
        <de>
            <![CDATA[
			Krone GX520
			Krone GX520 unwirklich]]>
        </de>
        <fr>
            <![CDATA[
			Krone GX520
			Krone GX520 irréel]]>
        </fr>
    </description>
    <multiplayer supported="true" /> 
	<storeItems>
        <storeItem xmlFilename="gx520.xml"/>
		<storeItem xmlFilename="gx520Unreal.xml"/>
    </storeItems>
</modDesc>
