<?xml version="1.0" encoding="utf-8" standalone="no" ?>
<wheel>
	<brand>BKT</brand>
    <name>FL 639</name>
    <default>
        <physics radius="0.57" width="0.56" mass="0.069" tireType="mud" frictionScale="1.60" maxLongStiffness="8" maxLatStiffness="100" maxLatStiffnessLoad="2" />
        <tire filename="data/shared/FL639/R22_5.i3d" node="0" maxDeformation="0.044" isCareWheel="false" tireTrackAtlasIndex="3" />
        <outerRim filename="$data/shared/wheels/rims/rim001.i3d" node="0|0" widthAndDiam="19.7 22.5" />
        <innerRim filename="$data/shared/wheels/rims/rim001.i3d" nodeLeft="2|0" nodeRight="2|1" widthAndDiam="19.7 22.5" />
    </default>
</wheel>
