<?xml version="1.0" encoding="utf-8" standalone="no" ?>
<placeable type="productionPoint" xmlns:xsi="http://www.w3.org/2001/XMLSchema-instance" xsi:noNamespaceSchemaLocation="../../../../shared/xml/schema/placeable.xsd">
    <storeData>
		<name>
			<de>Mischfuttermischer</de>
			<en>compound feed mixer</en>
		</name>
        <functions>
			<function>$l10n_function_productionPoint</function>
		</functions>
        <image>store_cowfuttermischer.png</image>
        <price>55500</price>
        <dailyUpkeep>50</dailyUpkeep>
        <lifetime>1000</lifetime>
        <rotation>0</rotation>
        <brand>NONE</brand>
        <species>placeable</species>
        <category>productionPoints</category>
        <brush>
            <type>placeable</type>
            <category>production</category>
            <tab>factories</tab>
        </brush>
        <vertexBufferMemoryUsage>2152192</vertexBufferMemoryUsage>
        <indexBufferMemoryUsage>212736</indexBufferMemoryUsage>
        <textureMemoryUsage>7471104</textureMemoryUsage>
        <audioMemoryUsage>0</audioMemoryUsage>
        <instanceVertexBufferMemoryUsage>0</instanceVertexBufferMemoryUsage>
        <instanceIndexBufferMemoryUsage>0</instanceIndexBufferMemoryUsage>
    </storeData>

    <base>
        <filename>Kuhfutter.i3d</filename>
        <canBeRenamed>true</canBeRenamed>
		<boughtWithFarmland>true</boughtWithFarmland>
    </base>

    <placement useRandomYRotation="false" useManualYRotation="true" >
        <testAreas>
            <testArea startNode="testArea1Start" endNode="testArea1End" />
        </testAreas>
		
		<sounds>
            <place template="siloImp" />
        </sounds>
    </placement>

    <clearAreas>
        <clearArea startNode="clearArea1Start" widthNode="clearArea1Width" heightNode="clearArea1Height"/>
    </clearAreas>

    <leveling requireLeveling="true" maxSmoothDistance="10" maxSlope="75" maxEdgeAngle="30" >
        <levelAreas>
            <levelArea startNode="clearArea1Start" widthNode="clearArea1Width" heightNode="clearArea1Height" groundType="asphalt"/>
        </levelAreas>
    </leveling>

    <indoorAreas>
        <indoorArea startNode="indoorArea1Start" widthNode="indoorArea1Width" heightNode="indoorArea1Height"/>
    </indoorAreas>

    <tipOcclusionUpdateAreas>
        <tipOcclusionUpdateArea startNode="tipOcclusionUpdateArea1Start" endNode="tipOcclusionUpdateArea1End" />
    </tipOcclusionUpdateAreas>

    <ai>
        <updateAreas>
            <updateArea startNode="tipOcclusionUpdateArea1Start" endNode="tipOcclusionUpdateArea1End" />
        </updateAreas>
    </ai>
	
	<lights>
        <group weatherRequiredFlags="NIGHT" />

        <lightShape node="emissive" />

        <realLights>
            <high>
                <light node="lightHigh1" />
                <light node="lightHigh2" />
                <light node="lightHigh3" />
            </high>
        </realLights>
    </lights>

    <infoTrigger triggerNode="infoTrigger"/>

    <triggerMarkers>
        <triggerMarker node="unloadTriggerMarker1"  	filename="$data/shared/assets/marker/markerIcons.xml" id="UNLOAD" adjustToGround="false" />
        <triggerMarker node="playerTriggerMarker"       filename="$data/shared/assets/marker/markerIcons.xml" id="WRENCH" adjustToGround="true" />
		<triggerMarker node="markerLoading"       		filename="$data/shared/assets/marker/markerIcons.xml" id="LOAD"   adjustToGround="true" />
    </triggerMarkers>

    <hotspots>
        <hotspot type="PRODUCTION_POINT" linkNode="hotspotMarker" teleportNode="teleportNode"/>
    </hotspots>

    <productionPoint>
        <productions sharedThroughputCapacity="false">
			<production id="Mischfuttermischer" 	name="$l10n_fillType_forage" 				cyclesPerHour="3" costsPerActiveHour="2" mixMode="most">
                <inputs>
                    <input amount="250" 	fillType="GRASS_WINDROW" />
					<input amount="250" 	fillType="DRYGRASS_WINDROW" />
					<input amount="100" 	fillType="STRAW"/>
					<input amount="100" 	fillType="SILAGE"/>
					<input amount="50"		fillType="MINERAL_FEED" />
                </inputs>
                <outputs>
                    <output amount="750" 	fillType="FORAGE"/>
                </outputs>
            </production>
        </productions>

        <sellingStation node="sellingStation" appearsOnStats="true" supportsExtension="false">
			<unloadTrigger exactFillRootNode="unloadTriggerBunker1" fillTypes="SILAGE DRYGRASS_WINDROW GRASS_WINDROW STRAW FORAGE MINERAL_FEED" />
            <unloadTrigger exactFillRootNode="unloadTriggerBunker1top" fillTypes="SILAGE DRYGRASS_WINDROW GRASS_WINDROW STRAW FORAGE MINERAL_FEED" />
            <unloadTrigger fillTypes="SILAGE DRYGRASS_WINDROW GRASS_WINDROW STRAW">
                <baleTrigger triggerNode="baleTriggerBunker1" />
            </unloadTrigger>
            <unloadTrigger fillTypes="SILAGE DRYGRASS_WINDROW GRASS_WINDROW STRAW">
                <baleTrigger triggerNode="baleTriggerBunker1top" />
            </unloadTrigger>
        </sellingStation>

        <loadingStation>
			<loadTrigger triggerNode="loadingTrigger" fillLitersPerSecond="500" dischargeNode="dischargeNode" fillTypes="FORAGE" aiNode="aiLoadingNode">
                <effectNode effectClass="PipeEffect" effectNode="pipeEffect"      materialType="pipe"           fadeTime="0.5" maxBending="0" controlPoint="4.8 0 0 0" />
                <effectNode                          effectNode="pipeEffectSmoke" materialType="unloadingSmoke" fadeTime="0.5" />
			</loadTrigger>
        </loadingStation>

        <storage isExtension="false" fillLevelSyncThreshold="15">
			<capacity fillType="DRYGRASS_WINDROW"   				capacity="100000" />
			<capacity fillType="GRASS_WINDROW"   					capacity="100000" />
			<capacity fillType="STRAW"   							capacity="100000" />
			<capacity fillType="SILAGE"   							capacity="100000" />
			<capacity fillType="MINERAL_FEED" 						capacity="200000"  />
			<capacity fillType="FORAGE"   							capacity="200000" />
            

            <dynamicFillPlane node="bunkerFillVolume" allSidePlanes="false" maxAllowedHeapAngle="10" maxDelta="0.2" defaultFillType="FORAGE"/>
        </storage>

        <playerTrigger node="playerTrigger" />

        <sounds>
            <idle template="dairyIdle" linkNode="0>" outerRadius="10"/>
            <active template="dairyWork" linkNode="0>" outerRadius="10"/>
        </sounds>
		
		<animationNodes>
            <animationNode node="rotor_1" rotSpeed="50" rotAxis="2" />
			<animationNode node="rotor_2" rotSpeed="50" rotAxis="2" />
			<animationNode node="rotor_3" rotSpeed="50" rotAxis="2" />
			<animationNode node="mixingDrum1" rotAxis="2" rotSpeed="80" />
            <animationNode node="mixingDrum2" rotAxis="2" rotSpeed="80" />
            <animationNode node="mixingDrum3" rotAxis="2" rotSpeed="80" />
            <animationNode node="mixingDrum4" rotAxis="2" rotSpeed="80" />
        </animationNodes>		
    </productionPoint>

    <i3dMappings>
        <i3dMapping id="clearArea1Start" node="0>0|0" />
        <i3dMapping id="clearArea1Width" node="0>0|0|0" />
        <i3dMapping id="clearArea1Height" node="0>0|0|1" />
        <i3dMapping id="indoorArea1Start" node="0>1|0" />
        <i3dMapping id="indoorArea1Width" node="0>1|0|0" />
        <i3dMapping id="indoorArea1Height" node="0>1|0|1" />
        <i3dMapping id="testArea1Start" node="0>2|0" />
        <i3dMapping id="testArea1End" node="0>2|0|0" />
        <i3dMapping id="tipOcclusionUpdateArea1Start" node="0>3|0" />
        <i3dMapping id="tipOcclusionUpdateArea1End" node="0>3|0|0" />
        <i3dMapping id="infoTrigger" node="0>4" />
        <i3dMapping id="mixingDrum1" node="0>12|5|0" />
        <i3dMapping id="mixingDrum2" node="0>12|5|1" />
        <i3dMapping id="mixingDrum3" node="0>12|5|2" />
        <i3dMapping id="mixingDrum4" node="0>12|5|3" />
        <i3dMapping id="hotspotMarker" node="0>8" />
        <i3dMapping id="teleportNode" node="0>9" />
        <i3dMapping id="bunkerFillVolume" node="0>10|2|2" />
        <i3dMapping id="playerTrigger" node="0>10|1" />
        <i3dMapping id="playerTriggerMarker" node="0>10|1|0" />		
		<i3dMapping id="loadingTrigger" node="0>10|0|0|0" />
        <i3dMapping id="dischargeNode" node="0>10|0|0|1" />
        <i3dMapping id="dischargeEffect" node="0>10|0|0|2" />
        <i3dMapping id="pipeEffect" node="0>10|0|0|2|0" />
        <i3dMapping id="pipeEffectSmoke" node="0>10|0|0|2|1" />
        <i3dMapping id="aiLoadingNode" node="0>10|0|0|3" />
        <i3dMapping id="markerLoading" node="0>10|0|1" />		
		<i3dMapping id="emissive" node="0>11|3|0|0" />
        <i3dMapping id="lightHigh1" node="0>11|3|0|2" />
		<i3dMapping id="emissive" node="0>11|4|0|0" />
        <i3dMapping id="lightHigh2" node="0>11|4|0|2" />
		<i3dMapping id="emissive" node="0>11|5|0|0" />
        <i3dMapping id="lightHigh3" node="0>11|5|0|2" />		
		<i3dMapping id="rotor_1" node="0>12|2" />
        <i3dMapping id="rotor_2" node="0>12|3" />
        <i3dMapping id="rotor_3" node="0>12|4" />		
        <i3dMapping id="unloadTriggerBunker1" node="0>10|2|0|0" />
        <i3dMapping id="unloadTriggerMarker1" node="0>10|2|0|1" />
        <i3dMapping id="unloadTriggerBunker1top" node="0>10|2|1|0" />
        <i3dMapping id="baleTriggerBunker1" node="0>10|2|0|2" />
        <i3dMapping id="unloadTriggerBunker1topAINode" node="0>10|2|1|1" />
        <i3dMapping id="baleTriggerBunker1top" node="0>10|2|1|2" />
				
    </i3dMappings>
</placeable>
