﻿<?xml version="1.0" encoding="utf-8" standalone="no"?>
<modDesc descVersion="79">
    <author>Ackerdesigner - Modded by FarmaField</author>
    <version>1.0.0.0</version>
	
    <title>
		<en>Feed Mixer</en>
		<de>Futtermischer</de>
    </title>

    <description>
	<en>
<![CDATA[Food Mixers
- Mixed Ration Mixer
- Cycles Per hour increased
Category: Production - Factories
Price: 55.500$
Incoming materials: SILAGE, DRYGRASS_WINDROW, GRASS_WINDROW, STRAW, MINERAL_FEED
Outgoing Materials: Mixed Ration
Capacity: 200.000 liters

- PigFood Mixer
Category: Production - Factories
Price: 55.500$
Incoming Materials: SOYBEAN, CANOLA, BARLEY, WHEAT, OAT, SORGHUM, MAIZE, SUNFLOWER, POTATO, SUGARBEET_CUT, SUGARBEET
Outgoing Materials: PigFood
Capacity: 200.000 liters
]]>
</en>
<de>
<![CDATA[Mixer
- Mixer für gemischte Rationen
- Zyklen pro Stunde erhöht
Kategorie: Produktion - Fabriken
Preis: 55.500 €
Ankommende Materialien: Silage, Heu, Stroh, Mineralfutter, Grass
Ausgehende Materialien: Gemischte Ration
Fassungsvermögen: 200.000 Liter

- PigFood Mixer
Kategorie: Produktion - Fabriken
Preis: 55.500 €
Eingehende Materialien: SOJABOHNEN, RAPS, GERSTE, WEIZEN, HAFER, SORGHUM, MAIS, SONNENBLUME, KARTOFFEL, ZUCKERRÜBENSCHNETZEL, ZUCKERRÜBEN
Ausgehende Materialien: Schweinefutter
Fassungsvermögen: 200.000 Liter
]]>
</de>
    </description>
	
    <multiplayer supported="true" />
	
    <iconFilename>icon_FutterMischer.png</iconFilename> 
	
    <storeItems>
		<storeItem xmlFilename="Kuhfutter.xml"/>
		<storeItem xmlFilename="Schweinefutter.xml"/>
	</storeItems>
	
</modDesc>
