<?xml version="1.0" encoding="utf-8" standalone="no"?>
<modDesc descVersion="74">
    <author>RedCat3D - Modded by FarmaField</author>
    <version>1.1.0.0</version>

    <title>
        <en>Deutz-Fahr Balers Wide</en>
        <de>Deutz-Fahr Ballenpressen breit</de>
    </title>

    <description>
        <en><![CDATA[
Deutz-Fahr Balers
Varimaster 795
 Price: 57500$
 Needed HP: 80hp
 Working Width 8M
Bigmaster 6912
 Price: 164000$
 Needed HP: 165hp
 Working Width 8M

Changelog 1.1.0.0
*Fixed Problem with not working steering axle on some tire configs (Bigmaster)
*Fixed doubled position lights (Varimaster)
*Replaced Rims by new models]]></en>
        <de><![CDATA[
Deutz-Fahr Ballenpressen
Varimaster 795
 Preis: 57500€
 Benötigte PS: 80ps
 Arbeitsbreite 8M
Bigmaster 6912
 Preis: 164000€
 Benötigte PS: 165ps
 Arbeitsbreite 8M

Changelog 1.1.0.0
*Problem mit nicht funktionaler Lenkachse bei manchen Reifenkonfigs behoben (Bigmaster)
*Doppelte Positionsleuchten behoben (Varimaster)
*Neue Felgen hinzugefügt]]></de>
    </description>

    <iconFilename>icon.png</iconFilename>

    <multiplayer supported="true"/>
	
    <storeItems>
        <storeItem xmlFilename="data/bigmaster6912/bigmaster6912.xml"/>
        <storeItem xmlFilename="data/varimaster795/varimaster795.xml"/>
    </storeItems>
</modDesc>
