﻿<?xml version="1.0" encoding="utf-8" standalone="no" ?>
<vehicle type="forageWagon" xmlns:xsi="http://www.w3.org/2001/XMLSchema-instance" xsi:noNamespaceSchemaLocation="https://validation.gdn.giants-software.com/xml/fs22/vehicle.xsd">
    <annotation>Copyright (C) GIANTS Software GmbH, All Rights Reserved.</annotation>

    <storeData>
        <name>RX 400 Wide</name>
        <specs>
            <neededPower>170</neededPower>
            <combination xmlFilename="$data/objects/pallets/bonsilage/bonsilagePallet.xml"/>
        </specs>
        <functions>
            <function>$l10n_function_forageWagon</function>
        </functions>
        <image>data/store_rx400.png</image>
        <price>146820</price>
        <lifetime>600</lifetime>
        <rotation>0</rotation>
        <brand>KRONE</brand>
        <category>loaderWagons</category>
        <shopTranslationOffset>0 0.002 0</shopTranslationOffset>
        <shopRotationOffset>0.019 0 0</shopRotationOffset>
        <vertexBufferMemoryUsage>3311616</vertexBufferMemoryUsage>
        <indexBufferMemoryUsage>497664</indexBufferMemoryUsage>
        <textureMemoryUsage>4980736</textureMemoryUsage>
        <audioMemoryUsage>0</audioMemoryUsage>
        <instanceVertexBufferMemoryUsage>0</instanceVertexBufferMemoryUsage>
        <instanceIndexBufferMemoryUsage>0</instanceIndexBufferMemoryUsage>
    </storeData>

    <base>
        <typeDesc>$l10n_typeDesc_forageWagon</typeDesc>
        <filename>data/rx400.i3d</filename>
        <size width="4.2" length="11" height="4.5" />
        <speedLimit value="17" />
        <components maxMass="34000">
            <component centerOfMass="0 0 0" solverIterationCount="10" mass="10500" />
            <component centerOfMass="0 0 0" solverIterationCount="10" mass="500" />
            <joint component1="1" component2="2" node="pickupJoint" rotLimit="0 0 0" transLimit="0 0 0" />
        </components>
        <schemaOverlay attacherJointPosition="0 0" name="IMPLEMENT" />
        <mapHotspot type="TRAILER" />
    </base>

    <wheels>
        <wheelConfigurations>
            <wheelConfiguration name="$l10n_configuration_valueDefault" price="0" brand="MICHELIN" saveId="MICHELIN_DEFAULT">
                <wheels>
                   <!--  <wheel filename="$data/shared/wheels/tires/michelin/cargoXBib/800_45R26_5.xml" isLeft="true">
                        <physics tipOcclusionAreaGroupId="1" restLoad="2.1" repr="axisFrontLeft"  driveNode="wheelFrontLeft"  forcePointRatio="0.35" initialCompression="20" suspTravel="0.15" spring="60" damper="60" yOffset="0.025" />
                        <steeringAxle scale="0.3" rotMax="17" rotMin="-17" />
                    </wheel>
                    <wheel filename="$data/shared/wheels/tires/michelin/cargoXBib/800_45R26_5.xml" isLeft="false" >
                        <physics tipOcclusionAreaGroupId="1" restLoad="2.1" repr="axisFrontRight" driveNode="wheelFrontRight" forcePointRatio="0.35" initialCompression="20" suspTravel="0.15" spring="60" damper="60" yOffset="0.025" />
                        <steeringAxle scale="0.3" rotMax="17" rotMin="-17" />
                    </wheel> -->
                    <wheel filename="$data/shared/wheels/tires/michelin/cargoXBib/800_45R26_5.xml" isLeft="true" hasTireTracks="true" hasParticles="true" >
                        <physics tipOcclusionAreaGroupId="1" restLoad="2.1" repr="axisBackLeft"   driveNode="wheelBackLeft"   forcePointRatio="0.35" initialCompression="20" suspTravel="0.15" spring="60" damper="60" yOffset="0.025" />
                        <steeringAxle scale="-0.7" rotMax="17" rotMin="-17" />
                    </wheel>
                    <wheel filename="$data/shared/wheels/tires/michelin/cargoXBib/800_45R26_5.xml" isLeft="false" hasTireTracks="true" hasParticles="true" >
                        <physics tipOcclusionAreaGroupId="1" restLoad="2.1" repr="axisBackRight"  driveNode="wheelBackRight"  forcePointRatio="0.35" initialCompression="20" suspTravel="0.15" spring="60" damper="60" yOffset="0.025" />
                        <steeringAxle scale="-0.7" rotMax="17" rotMin="-17" />
                    </wheel>
                    <wheel filename="$data/shared/wheels/tires/michelin/cargoXBib/800_45R26_5.xml" isLeft="true" hasTireTracks="true" hasParticles="true" >
                        <physics tipOcclusionAreaGroupId="1" restLoad="2.0" repr="wheelMiddleLeft"  forcePointRatio="0.35" initialCompression="20" suspTravel="0.15" spring="60" damper="60" yOffset="0.025" />
                        <wheelChock parkingNode="wheelChock01" />
                        <wheelChock parkingNode="wheelChock02" isInverted="true" />
                    </wheel>
                    <wheel filename="$data/shared/wheels/tires/michelin/cargoXBib/800_45R26_5.xml" isLeft="false" hasTireTracks="true" hasParticles="true" >
                        <physics tipOcclusionAreaGroupId="1" restLoad="2.0" repr="wheelMiddleRight" forcePointRatio="0.35" initialCompression="20" suspTravel="0.15" spring="60" damper="60" yOffset="0.025" />
                    </wheel>
                    <wheel>
                        <physics rotMin="-20" rotMax="30" tipOcclusionAreaGroupId="2" restLoad="0.3" repr="axisPickupLeftNode"  driveNode="supportWheelPickupLeft"  forcePointRatio="0.3" radius="0.2" width="0.125" mass="0.1" initialCompression="25" suspTravel="0.02" spring="48" damper="25" rotationDamping="0.005" brakeFactor="0" versatileYRot="true"/>
                    </wheel>
                    <wheel>
                        <physics rotMin="-20" rotMax="30" tipOcclusionAreaGroupId="2" restLoad="0.3" repr="axisPickupRightNode" driveNode="supportWheelPickupRight" forcePointRatio="0.3" radius="0.2" width="0.125" mass="0.1" initialCompression="25" suspTravel="0.02" spring="48" damper="25" rotationDamping="0.005" brakeFactor="0" versatileYRot="true"/>
                    </wheel>
                </wheels>
            </wheelConfiguration>
            
            <wheelConfiguration name="$l10n_configuration_valueDefault" price="0" brand="MICHELIN" saveId="MICHELIN_DEFAULT2">
                <wheels baseConfig="MICHELIN_DEFAULT">
                    <!-- <wheel filename="$data/shared/wheels/tires/vredestein/flotationTrac/800_45R26_5.xml"/>
                    <wheel filename="$data/shared/wheels/tires/vredestein/flotationTrac/800_45R26_5.xml"/> -->
                    <wheel filename="$data/shared/wheels/tires/michelin/cargoXBib/710_50R30_5.xml"/>
                    <wheel filename="$data/shared/wheels/tires/michelin/cargoXBib/710_50R30_5.xml"/>
                    <wheel filename="$data/shared/wheels/tires/michelin/cargoXBib/710_50R30_5.xml">
                        <wheelChock/>
                        <wheelChock/>
                    </wheel>
                    <wheel filename="$data/shared/wheels/tires/michelin/cargoXBib/710_50R30_5.xml"/>
                    <wheel/>
                    <wheel/>
                </wheels>
            </wheelConfiguration>
            
            <wheelConfiguration name="$l10n_configuration_valueDefault" price="0" brand="MICHELIN" saveId="MICHELIN_BROAD">
                <wheels baseConfig="MICHELIN_DEFAULT">
                    <!-- <wheel filename="$data/shared/wheels/tires/vredestein/flotationTrac/800_45R26_5.xml"/>
                    <wheel filename="$data/shared/wheels/tires/vredestein/flotationTrac/800_45R26_5.xml"/> -->
                    <wheel filename="$data/shared/wheels/tires/michelin/cargoXBib/800_45R30_5.xml"/>
                    <wheel filename="$data/shared/wheels/tires/michelin/cargoXBib/800_45R30_5.xml"/>
                    <wheel filename="$data/shared/wheels/tires/michelin/cargoXBib/800_45R30_5.xml">
                        <wheelChock/>
                        <wheelChock/>
                    </wheel>
                    <wheel filename="$data/shared/wheels/tires/michelin/cargoXBib/800_45R30_5.xml"/>
                    <wheel/>
                    <wheel/>
                </wheels>
            </wheelConfiguration>

            <wheelConfiguration name="$l10n_configuration_valueDefault" price="0" brand="TRELLEBORG" saveId="TRELLEBORG_DEFAULT">
                <wheels baseConfig="MICHELIN_DEFAULT">
                    <!-- <wheel filename="$data/shared/wheels/tires/vredestein/flotationTrac/800_45R26_5.xml"/>
                    <wheel filename="$data/shared/wheels/tires/vredestein/flotationTrac/800_45R26_5.xml"/> -->
                    <wheel filename="$data/shared/wheels/tires/trelleborg/T404/710_50R30_5.xml"/>
                    <wheel filename="$data/shared/wheels/tires/trelleborg/T404/710_50R30_5.xml"/>
                    <wheel filename="$data/shared/wheels/tires/trelleborg/T404/710_50R30_5.xml">
                        <wheelChock/>
                        <wheelChock/>
                    </wheel>
                    <wheel filename="$data/shared/wheels/tires/trelleborg/T404/710_50R30_5.xml"/>
                    <wheel/>
                    <wheel/>
                </wheels>
            </wheelConfiguration>
            
            <wheelConfiguration name="$l10n_configuration_valueDefault" price="0" brand="TRELLEBORG" saveId="TRELLEBORG_BROAD">
                <wheels baseConfig="MICHELIN_DEFAULT">
                    <!-- <wheel filename="$data/shared/wheels/tires/vredestein/flotationTrac/800_45R26_5.xml"/>
                    <wheel filename="$data/shared/wheels/tires/vredestein/flotationTrac/800_45R26_5.xml"/> -->
                    <wheel filename="$data/shared/wheels/tires/trelleborg/T404/800_45R30_5.xml"/>
                    <wheel filename="$data/shared/wheels/tires/trelleborg/T404/800_45R30_5.xml"/>
                    <wheel filename="$data/shared/wheels/tires/trelleborg/T404/800_45R30_5.xml">
                        <wheelChock/>
                        <wheelChock/>
                    </wheel>
                    <wheel filename="$data/shared/wheels/tires/trelleborg/T404/800_45R30_5.xml"/>
                    <wheel/>
                    <wheel/>
                </wheels>
            </wheelConfiguration>

            <wheelConfiguration name="$l10n_configuration_valueDefault" price="0" brand="VREDESTEIN" saveId="VREDESTEIN_DEFAULT">
                <wheels baseConfig="MICHELIN_DEFAULT">
                    <!-- <wheel filename="$data/shared/wheels/tires/vredestein/flotationTrac/800_45R26_5.xml"/>
                    <wheel filename="$data/shared/wheels/tires/vredestein/flotationTrac/800_45R26_5.xml"/> -->
                    <wheel filename="$data/shared/wheels/tires/vredestein/flotationPro/800_45R26_5.xml"/>
                    <wheel filename="$data/shared/wheels/tires/vredestein/flotationPro/800_45R26_5.xml"/>
                    <wheel filename="$data/shared/wheels/tires/vredestein/flotationPro/800_45R26_5.xml">
                        <wheelChock/>
                        <wheelChock/>
                    </wheel>
                    <wheel filename="$data/shared/wheels/tires/vredestein/flotationPro/800_45R26_5.xml"/>
                    <wheel/>
                    <wheel/>
                </wheels>
            </wheelConfiguration>
            
            <wheelConfiguration name="$l10n_configuration_valueDefault" price="0" brand="VREDESTEIN" saveId="VREDESTEIN_DEFAULT2">
                <wheels baseConfig="MICHELIN_DEFAULT">
                    <!-- <wheel filename="$data/shared/wheels/tires/vredestein/flotationTrac/800_45R26_5.xml"/>
                    <wheel filename="$data/shared/wheels/tires/vredestein/flotationTrac/800_45R26_5.xml"/> -->
                    <wheel filename="$data/shared/wheels/tires/vredestein/flotationTrac/710_50R30_5.xml"/>
                    <wheel filename="$data/shared/wheels/tires/vredestein/flotationTrac/710_50R30_5.xml"/>
                    <wheel filename="$data/shared/wheels/tires/vredestein/flotationTrac/710_50R30_5.xml">
                        <wheelChock/>
                        <wheelChock/>
                    </wheel>
                    <wheel filename="$data/shared/wheels/tires/vredestein/flotationTrac/710_50R30_5.xml"/>
                    <wheel/>
                    <wheel/>
                </wheels>
            </wheelConfiguration>
            
            <wheelConfiguration name="$l10n_configuration_valueDefault" price="0" brand="VREDESTEIN" saveId="VREDESTEIN_BROAD">
                <wheels baseConfig="MICHELIN_DEFAULT">
                    <!-- <wheel filename="$data/shared/wheels/tires/vredestein/flotationTrac/800_45R26_5.xml"/>
                    <wheel filename="$data/shared/wheels/tires/vredestein/flotationTrac/800_45R26_5.xml"/> -->
                    <wheel filename="$data/shared/wheels/tires/vredestein/flotationTrac/800_45R30_5.xml"/>
                    <wheel filename="$data/shared/wheels/tires/vredestein/flotationTrac/800_45R30_5.xml"/>
                    <wheel filename="$data/shared/wheels/tires/vredestein/flotationTrac/800_45R30_5.xml">
                        <wheelChock/>
                        <wheelChock/>
                    </wheel>
                    <wheel filename="$data/shared/wheels/tires/vredestein/flotationTrac/800_45R30_5.xml"/>
                    <wheel/>
                    <wheel/>
                </wheels>
            </wheelConfiguration>
            
            <wheelConfiguration name="$l10n_configuration_valueDefault" price="0" brand="BKT" saveId="BKT_DEFAULT">
                <wheels baseConfig="MICHELIN_DEFAULT">
                    <!-- <wheel filename="$data/shared/wheels/tires/vredestein/flotationTrac/800_45R26_5.xml"/>
                    <wheel filename="$data/shared/wheels/tires/vredestein/flotationTrac/800_45R26_5.xml"/> -->
                    <wheel filename="$data/shared/wheels/tires/bkt/ridemaxFL693M/710_50R30_5.xml"/>
                    <wheel filename="$data/shared/wheels/tires/bkt/ridemaxFL693M/710_50R30_5.xml"/>
                    <wheel filename="$data/shared/wheels/tires/bkt/ridemaxFL693M/710_50R30_5.xml">
                        <wheelChock/>
                        <wheelChock/>
                    </wheel>
                    <wheel filename="$data/shared/wheels/tires/bkt/ridemaxFL693M/710_50R30_5.xml"/>
                    <wheel/>
                    <wheel/>
                </wheels>
            </wheelConfiguration>
            
        </wheelConfigurations>

        <dynamicallyLoadedWheels>
            <dynamicallyLoadedWheel linkNode="wheelPickupLeft"  filename="$data/shared/wheels/tires/trelleborg/T510/16x6_50R8.xml" isLeft="true"  />
            <dynamicallyLoadedWheel linkNode="wheelPickupRight" filename="$data/shared/wheels/tires/trelleborg/T510/16x6_50R8.xml" isLeft="false" />
        </dynamicallyLoadedWheels>

        <rimColor material="18">SHARED_WHITE1</rimColor>

        <hubs>
            <color0>KRONE_GREEN1</color0>
            <color1 material="1">SHARED_DA_METAL_BLACK</color1>
            <!-- <hub linkNode="wheelFrontLeft"   filename="$data/shared/wheels/hubs/hub_n10_5.xml"     isLeft="true"  scale="0.335 0.335 0.335" />
            <hub linkNode="wheelFrontRight"  filename="$data/shared/wheels/hubs/hub_n10_5.xml"     isLeft="false" scale="0.335 0.335 0.335" /> -->
            <hub linkNode="wheelMiddleLeft"  filename="$data/shared/wheels/hubs/hub_n10_5.xml"     isLeft="true"  scale="0.335 0.335 0.335" />
            <hub linkNode="wheelMiddleRight" filename="$data/shared/wheels/hubs/hub_n10_5.xml"     isLeft="false" scale="0.335 0.335 0.335" />
            <hub linkNode="wheelBackLeft"    filename="$data/shared/wheels/hubs/hub_n10_5.xml"     isLeft="true"  scale="0.335 0.335 0.335" />
            <hub linkNode="wheelBackRight"   filename="$data/shared/wheels/hubs/hub_n10_5.xml"     isLeft="false" scale="0.335 0.335 0.335" />
            <hub linkNode="wheelPickupLeft"  filename="$data/shared/wheels/hubs/hubSmall_n0_1.xml" isLeft="true"  scale="0.125 0.125 0.125" >
                <color0>0.294 0.294 0.294 1</color0>
                <color1>-</color1>
            </hub>
            <hub linkNode="wheelPickupRight" filename="$data/shared/wheels/hubs/hubSmall_n0_1.xml" isLeft="false" scale="0.125 0.125 0.125" >
                <color0>0.294 0.294 0.294 1</color0>
                <color1>-</color1>
            </hub>
        </hubs>
    </wheels>

    <dynamicallyLoadedParts>
        <dynamicallyLoadedPart node="0" linkNode="chockSupport01" filename="$data/shared/assets/wheelChocks/wheelChockSupport01.i3d"/>
        <dynamicallyLoadedPart node="0" linkNode="chockSupport02" filename="$data/shared/assets/wheelChocks/wheelChockSupport01.i3d"/>
    </dynamicallyLoadedParts>

    <speedRotatingParts>
        <speedRotatingPart node="wheelPickupLeft" radius="0.2" wheelIndex="5" />
        <speedRotatingPart node="wheelPickupRight" radius="0.2" wheelIndex="6" />
        <speedRotatingPart node="pickupRoller" radius="0.15" rotateOnlyIfFillLevelIncreased="true"/>
    </speedRotatingParts>

    <attachable>
        <inputAttacherJoints>
            <inputAttacherJoint node="attacherJoint" jointType="trailerLow" attacherHeight="0.65" steeringBarLeftNode="steeringBarRight"/>
        </inputAttacherJoints>
        <steeringAxleAngleScale startSpeed="0" endSpeed="90" backwards="true"/>
        <support animationName="moveSupport" />
        <brakeForce force="1.3" maxForce="3.5" maxForceMass="34000"/>
    </attachable>

    <connectionHoses>
        <hose inputAttacherJointIndices="1" type="hydraulicIn" adapterNode="hydraulicIn01_detached"  node="hydraulicIn01"  length="1.6" diameter="0.02" straighteningFactor="2">
            <objectChange node="hydraulicIn01_detached" visibilityActive="false" visibilityInactive="true"/>
        </hose>
        <hose inputAttacherJointIndices="1" type="hydraulicOut" adapterNode="hydraulicOut01_detached" node="hydraulicOut01" length="1.6" diameter="0.02" straighteningFactor="2">
            <objectChange node="hydraulicOut01_detached" visibilityActive="false" visibilityInactive="true"/>
        </hose>
        <hose inputAttacherJointIndices="1" type="hydraulicIn" adapterNode="hydraulicIn02_detached" node="hydraulicIn02"  length="1.6" diameter="0.02" straighteningFactor="2">
            <objectChange node="hydraulicIn02_detached" visibilityActive="false" visibilityInactive="true"/>
        </hose>
        <hose inputAttacherJointIndices="1" type="hydraulicOut" adapterNode="hydraulicOut02_detached1" node="hydraulicOut02" length="1.6" diameter="0.02" straighteningFactor="2">
            <objectChange node="hydraulicOut02_detached1" visibilityActive="false" visibilityInactive="true"/>
        </hose>
        <hose inputAttacherJointIndices="1" type="hydraulicIn" adapterNode="hydraulicIn03_detached" node="hydraulicIn03"  length="1.6" diameter="0.02" straighteningFactor="2">
            <objectChange node="hydraulicIn03_detached" visibilityActive="false" visibilityInactive="true"/>
        </hose>
        <hose inputAttacherJointIndices="1" type="hydraulicOut" adapterNode="hydraulicOut03_detached" node="hydraulicOut03" length="1.6" diameter="0.02" straighteningFactor="2">
            <objectChange node="hydraulicOut03_detached" visibilityActive="false" visibilityInactive="true"/>
        </hose>
        <hose inputAttacherJointIndices="1" type="electric" adapterNode="electric_detached" node="electric" length="1.6" diameter="0.02" straighteningFactor="2">
            <objectChange node="electric_detached" visibilityActive="false" visibilityInactive="true"/>
        </hose>
    </connectionHoses>

    <powerTakeOffs>
        <input inputAttacherJointIndices="1" inputNode="ptoInputNode" aboveAttacher="true" detachNode="ptoDetachNode" filename="$data/shared/assets/powerTakeOffs/walterscheidWWZ.xml">
            <objectChange node="ptoHolder" rotationActive="0 0 0" rotationInactive="-93 0 0"/>
        </input>
    </powerTakeOffs>

    <powerConsumer ptoRpm="470" neededMinPtoPower="40" neededMaxPtoPower="65" />

    <lights>
        <sharedLight linkNode="sideMarker_05White01"   filename="$data/shared/assets/lights/lizard/sideMarker05White.xml" />
        <sharedLight linkNode="sideMarker_05White02"   filename="$data/shared/assets/lights/lizard/sideMarker05White.xml" />
        <sharedLight linkNode="sideMarker_05Red01"     filename="$data/shared/assets/lights/lizard/sideMarker05Red.xml" />
        <sharedLight linkNode="sideMarker_05Red02"     filename="$data/shared/assets/lights/lizard/sideMarker05Red.xml" />
        <sharedLight linkNode="sideMarker_01_"         filename="$data/shared/assets/lights/lizard/sideMarker01_left.xml" />
        <sharedLight linkNode="sideMarker_01_1"        filename="$data/shared/assets/lights/lizard/sideMarker01_right.xml" />
        <sharedLight linkNode="rear3ChamberLight_03_"  filename="$data/shared/assets/lights/lizard/rearLight07_left.xml" />
        <sharedLight linkNode="rear3ChamberLight_03_1" filename="$data/shared/assets/lights/lizard/rearLight07_left.xml" />
        <sharedLight linkNode="rear3ChamberLight_03_6" filename="$data/shared/assets/lights/lizard/rearLight07_left.xml" />
        <sharedLight linkNode="rear3ChamberLight_03_5" filename="$data/shared/assets/lights/lizard/rearLight07_right.xml" />
        <sharedLight linkNode="rear3ChamberLight_03_2" filename="$data/shared/assets/lights/lizard/rearLight07_right.xml" />
        <sharedLight linkNode="rear3ChamberLight_03_3" filename="$data/shared/assets/lights/lizard/rearLight07_right.xml" />
        <sharedLight linkNode="redTriangle_01_"        filename="$data/shared/assets/reflectors/lizard/redTriangle_01.xml" />
        <sharedLight linkNode="redTriangle_01_1"       filename="$data/shared/assets/reflectors/lizard/redTriangle_01.xml" />
        <sharedLight linkNode="yellowRound_02"         filename="$data/shared/assets/reflectors/lizard/yellowRound_01.xml" />
        <sharedLight linkNode="yellowRound_04"         filename="$data/shared/assets/reflectors/lizard/yellowRound_01.xml" />
        <sharedLight linkNode="yellowRound_05"         filename="$data/shared/assets/reflectors/lizard/yellowRound_01.xml" />
        <sharedLight linkNode="yellowRound_06"         filename="$data/shared/assets/reflectors/lizard/yellowRound_01.xml" />
        <sharedLight linkNode="yellowRound_07"         filename="$data/shared/assets/reflectors/lizard/yellowRound_01.xml" />
        <sharedLight linkNode="yellowRound_09"         filename="$data/shared/assets/reflectors/lizard/yellowRound_01.xml" />
        <sharedLight linkNode="plateNumberLight02"     filename="$data/shared/assets/lights/lizard/plateNumberLight02.xml" />
        <sharedLight linkNode="plateNumberLight03"     filename="$data/shared/assets/lights/lizard/plateNumberLight02.xml" />

        <realLights>
            <high>
                <light node="backLightsHigh1" lightTypes="0" />
                <light node="licensePlateLightHigh" lightTypes="0" />
                <turnLightLeft node="turnLightLeftBack" />
                <turnLightRight node="turnLightRightBack" />
                <brakeLight node="backLightsHigh1" />
            </high>
        </realLights>
    </lights>

    <licensePlates>
        <licensePlate node="licensePlateNodeBack"  position="BACK" preferedType="ELONGATED" placementArea="0.08 0.27 0.08 0.27"/>
    </licensePlates>

    <groundReferenceNodes>
        <groundReferenceNode node="groundRefNode" threshold="0.2" />
    </groundReferenceNodes>

    <workAreas>
        <workArea type="forageWagon" functionName="processForageWagonArea" disableBackwards="true" >
            <area startNode="workArea01Start" widthNode="workArea01Width" heightNode="workArea01Height" />
            <groundReferenceNode index="1" />
        </workArea>
    </workAreas>

    <animations>
        <animation name="moveSupport" soundVolumeFactor="2.5">
            <part node="supportCol" startTime="0" endTime="0.5" startTrans="0.446 1.636 4.524" endTrans="0.446 0.399 4.524" />
            <part node="supportArm" startTime="0" endTime="0.5" startRot="0 0 180" endRot="0 0 0" />

            <part                   startTime="0" endTime="0.5" dependentAnimation="drawbarAnimation" dependentAnimationStartTime="0.15" dependentAnimationEndTime="0.6"/>

            <sound template="defaultHydraulicSmall" startTime="0.05" endTime="0.49" volumeScale="1.3" pitchScale="1.5" linkNode="drawbar"/>
            <sound template="metalClose"            startTime="0.01" direction="-1" volumeScale="0.6" pitchScale="1.5" linkNode="drawbar"/>
            <sound template="clackVar6"             startTime="0.01" direction="0"  volumeScale="0.9" pitchScale="0.6" linkNode="drawbar"/>
            <sound template="clackVar6"             startTime="0.49" direction="0"  volumeScale="0.8" pitchScale="1.2" linkNode="drawbar"/>
        </animation>

        <animation name="rotatePickup" soundVolumeFactor="2.7">
            <part node="pickupJoint" startTime="0" endTime="1" startRot="-20 0 0" endRot="-10 0 0" />
            <part                    startTime="0" endTime="1" componentJointIndex="1" startRotLimit="0 0 0" endRotLimit="12 0 0"/>

            <sound template="hydraulicLayerTone" startTime="0.01"  endTime="0.79" volumeScale="0.5"  pitchScale="0.8" linkNode="pickupJoint"/>
            <sound template="metalClose"         startTime="0.02"  direction="-1" volumeScale="0.7"  pitchScale="1.3" linkNode="pickupJoint"/>
            <sound template="metalClose"         startTime="0.70"  direction="1"  volumeScale="0.7"  pitchScale="1.5" linkNode="pickupJoint"/>
            <sound template="sheetImp06"         startTime="0.70"  direction="1"  volumeScale="0.8"  pitchScale="1.2" linkNode="pickupJoint"/>
            <sound template="clackVar6"          startTime="0.02"  direction="-1" volumeScale="0.6"  pitchScale="0.8" linkNode="pickupJoint"/>
            <sound template="clackVar6"          startTime="1.00"  direction="1"  volumeScale="0.6"  pitchScale="0.65" linkNode="pickupJoint"/>
            <sound template="clackVar6"          startTime="0.90"  direction="-1" volumeScale="0.55" pitchScale="0.4" linkNode="pickupJoint"/>
        </animation>

        <animation name="tipAnimationBack" soundVolumeFactor="1.3">
            <part node="backDoor" startTime="0" endTime="3" startRot="0 0 0" endRot="90 0 0" />
            <part node="fillVolumeDeformNode1" startTime="0.5" endTime="2" startTrans="1.131 3.846 -3.840" endTrans="1.131 3.846 -3.094"/>
            <part node="fillVolumeDeformNode2" startTime="0.5" endTime="2" startTrans="-1.131 3.846 -3.840" endTrans="-1.131 3.846 -3.094"/>

            <sound template="clackVar2"             startTime="0.01" direction="0"   volumeScale="1.0" pitchScale="1.7" linkNode="backDoor"/>
            <sound template="metalOpen"             startTime="2.99" direction="1"   volumeScale="2.5" pitchScale="0.4" linkNode="backDoor"/>
            <sound template="clackVar6"             startTime="2.99" direction="1"   volumeScale="1.5" pitchScale="0.7" linkNode="backDoor"/>
            <sound template="clackVar6"             startTime="1"    direction="1"   volumeScale="1.5" pitchScale="0.7" linkNode="backDoor"/>
            <sound template="cylinderPunch"         startTime="2.99" direction="0"   volumeScale="0.5" pitchScale="1"   linkNode="backDoor"/>
            <sound template="metalClose"            startTime="0.01" direction="1"   volumeScale="3.0" pitchScale="0.3" linkNode="backDoor"/>
            <sound template="metalOpen"             startTime="0.01" direction="-1"  volumeScale="2.5" pitchScale="0.5" linkNode="backDoor"/>
            <sound template="metalClose"            startTime="0.01" direction="-1"  volumeScale="2.0" pitchScale="1.1" linkNode="backDoor"/>
            <sound template="latchSmall"            startTime="0.01" direction="-1"  volumeScale="0.1" pitchScale="0.6" linkNode="backDoor"/>
            <sound template="hydraulicLayerTone"    startTime="0.01" endTime="2.99"  volumeScale="1.5" pitchScale="0.5" direction="1" linkNode="backDoor"/>
            <sound template="hydraulicLayerTone"    startTime="0.01" endTime="2.99"  volumeScale="0.5" pitchScale="0.8" direction="-1" linkNode="backDoor"/>
            <sound template="defaultHydraulicSound" startTime="0.01" endTime="1"     volumeScale="0.5" pitchScale="1.3" direction="0" linkNode="backDoor"/>
            <sound template="cylinderPunch"         startTime="0.01" direction="-1"/>
        </animation>

        <animation name="toggleCover" soundVolumeFactor="1.8">
            <part node="coverLeft"  startTime="0" endTime="4" startRot="0 0 250" endRot="0 0 0"/>
            <part node="coverRight" startTime="2" endTime="6" startRot="0 0 -250" endRot="0 0 0"/>

            <sound template="metalOpen"          startTime="0.01" direction="1"  volumeScale="1.1" pitchScale="2"   linkNodeOffset="1.1 4 -2"/>
            <sound template="slideOpen"          startTime="0.01" direction="1"  volumeScale="1.0" pitchScale="1.2" linkNodeOffset="1.1 4 -2"/>
            <sound template="metalOpen"          startTime="1.99" direction="1"  volumeScale="1.1" pitchScale="2"   linkNodeOffset="-1.1 4 -2"/>
            <sound template="slideOpen"          startTime="1.99" direction="1"  volumeScale="1.0" pitchScale="1.2" linkNodeOffset="-1.1 4 -2"/>
            <sound template="metalClose"         startTime="1.99" direction="-1" volumeScale="0.8" pitchScale="2"   linkNodeOffset="-1.1 4 -2"/>
            <sound template="clackVar6"          startTime="1.99" direction="-1" volumeScale="1"   pitchScale="1.2" linkNodeOffset="-1.1 4 -2"/>
            <sound template="sheetImp02"         startTime="1.99" direction="-1" volumeScale="2"   pitchScale="1.3" linkNodeOffset="-1.1 4 -2"/>
            <sound template="metalClose"         startTime="0.05" direction="-1" volumeScale="1.0" pitchScale="1.4" linkNodeOffset="1.1 4 -2"/>
            <sound template="clackVar6"          startTime="0.05" direction="-1" volumeScale="0.8" pitchScale="0.8" linkNodeOffset="1.1 4 -2"/>
            <sound template="metalOpen"          startTime="5.99" direction="-1" volumeScale="1.1" pitchScale="1.2" linkNodeOffset="-1.1 4 -2"/>
            <sound template="metalOpen"          startTime="3.99" direction="-1" volumeScale="1.1" pitchScale="1.2" linkNodeOffset="1.1 4 -2"/>
            <sound template="metalOpen"          startTime="5.99" direction="1"  volumeScale="1.2" pitchScale="2.1" linkNodeOffset="-1.1 4 -2"/>
            <sound template="clackVar6"          startTime="5.99" direction="1"  volumeScale="1.2" pitchScale="1.1" linkNodeOffset="-1.1 4 -2"/>
            <sound template="metalClose"         startTime="4.00" direction="1"  volumeScale="0.7" pitchScale="0.8" linkNodeOffset="1.1 4 -2"/>
            <sound template="metalOpen"          startTime="5.99" direction="-1" volumeScale="0.8" pitchScale="2.1" linkNodeOffset="-1.1 4 -2"/>
            <sound template="hydraulicLayerTone" startTime="0.01" endTime="4.00" volumeScale="0.1" pitchScale="1.9" linkNodeOffset="1.1 4 -2"/>
            <sound template="hydraulicLayerTone" startTime="1.99" endTime="6.00" volumeScale="0.1" pitchScale="1.6" linkNodeOffset="-1.1 4 -2"/>
            <sound template="cylinderPunch"      startTime="4.00" direction="1"  volumeScale="0.3" pitchScale="1.4" linkNodeOffset="1.1 4 -2"/>
            <sound template="cylinderPunch"      startTime="5.99" direction="1"  volumeScale="0.3" pitchScale="1.4" linkNodeOffset="-1.1 4 -2"/>
            <sound template="cylinderPunch"      startTime="0.01" direction="-1" volumeScale="0.3" pitchScale="1.4" linkNodeOffset="1.1 4 -2"/>
            <sound template="cylinderPunch"      startTime="1.99" direction="-1" volumeScale="0.2" pitchScale="1.4" linkNodeOffset="-1.1 4 -2"/>
        </animation>
        
        <animation name="drawbarAnimation">
            <part node="drawbar"        startTime="0" endTime="1" startRot="-6 0 0" endRot="20 0 0" />

            <!-- <part node="axleFront"      startTime="0" endTime="0.51" startRot="20 0 0" endRot="0 0 0" />
            <part node="axleFront"      startTime="0.51" endTime="1" startRot="4 0 0" endRot="-1.3 0 0" /> -->

            <part node="axleMiddle"     startTime="0" endTime="0.51" startRot="14 0 0" endRot="3 0 0" />
            <part node="axleMiddle"     startTime="0.51" endTime="1" startRot="6 0 0" endRot="8.1 0 0" />

            <part node="axleBack"       startTime="0" endTime="0.51" startRot="7.5 0 0" endRot="3 0 0" />
            <part node="axleBack"       startTime="0.51" endTime="1" startRot="3 0 0" endRot="17.2 0 0" />
        </animation>
    </animations>

    <cylindered>
        <movingTools>
            <movingTool node="drawbar" playSound="true">
                <controls axis="AXIS_DRAWBAR" invertAxis="false" mouseSpeedFactor="0.3" iconName="DRAWBAR_ROTATE_X" />
                <animation animSpeed="0.3" animAcceleration="5" animName="drawbarAnimation" animStartTime="0.51" />
                <inputAttacherJoint value="true" />
                <dependentPart node="drawbarHydraulic" />
                <powerTakeOffs indices="1" />
            </movingTool>
            <movingTool node="pickupJoint" playSound="true">
                <componentJoint index="1" />
            </movingTool>
            <movingTool node="backDoor" playSound="true">
                <dependentPart node="backDoorHydraulic" />
            </movingTool>
            <movingTool node="coverLeft" playSound="true"/>
            <movingTool node="coverRight" playSound="true"/>

            <!-- <movingTool node="axleFront" wheelNodes="wheelFrontLeft wheelFrontRight">
                <dependentPart node="axleFrontHydraulic" />
            </movingTool> -->
            <movingTool node="axleMiddle" wheelNodes="wheelMiddleLeft wheelMiddleRight">
                <dependentPart node="axleMiddleHydraulic" />
            </movingTool>
            <movingTool node="axleBack" wheelNodes="wheelBackLeft wheelBackRight">
                <dependentPart node="axleBackHydraulic" />
            </movingTool>
        </movingTools>

        <movingParts>
            <movingPart node="drawbarHydraulic" referencePoint="drawbarHydraulicRef" referenceFrame="drawbarHydraulicRef">
                <translatingPart node="drawbarHydraulicPunch" />
            </movingPart>
            <movingPart node="backDoorHydraulic" referencePoint="backDoorHydraulicRef" referenceFrame="backDoorHydraulicRef">
                <translatingPart node="backDoorHydraulicPunch" />
            </movingPart>
            <movingPart node="pickupPart01" referencePoint="pickupRef" referenceFrame="pickupRef" isActiveDirty="true" maxUpdateDistance="50" />
            <movingPart node="pickup" referencePoint="pickupPart03Ref" localReferencePoint="pickupPart03" referenceFrame="pickupRefFrame" isActiveDirty="true" maxUpdateDistance="50" >
                <dependentPart node="pickupPart03" />
                <dependentPart node="pickupPart02" />
            </movingPart>
            <movingPart node="pickupPart03" referencePoint="pickupPart03Ref" referenceFrame="pickupPart03Ref"/>
            <movingPart node="pickupPart02" referencePoint="pickupPart02Ref" referenceFrame="pickupPart02Ref"/>
            <movingPart node="steeringBarFrontLeftHydraulic" referencePoint="steeringBarFrontLeftHydraulicRef" referenceFrame="steeringBarFrontLeftHydraulicRef" isActiveDirty="true" maxUpdateDistance="50">
                <translatingPart node="steeringBarFrontLeftHydraulicPunch" />
            </movingPart>
            <!-- <movingPart node="steeringBarFrontRightHydraulic" referencePoint="steeringBarFrontRightHydraulicRef" referenceFrame="steeringBarFrontRightHydraulicRef" isActiveDirty="true" maxUpdateDistance="50">
                <translatingPart node="steeringBarFrontRightHydraulicPunch" />
            </movingPart> -->
            <movingPart node="steeringBarBackLeftHydraulic" referencePoint="steeringBarBackLeftHydraulicRef" referenceFrame="steeringBarBackLeftHydraulicRef" isActiveDirty="true" maxUpdateDistance="50">
                <translatingPart node="steeringBarBackLeftHydraulicPunch" />
            </movingPart>
            <movingPart node="steeringBarBackRightHydraulic" referencePoint="steeringBarBackRightHydraulicRef" referenceFrame="steeringBarBackRightHydraulicRef" isActiveDirty="true" maxUpdateDistance="50">
                <translatingPart node="steeringBarBackRightHydraulicPunch" />
            </movingPart>
            <movingPart node="steeringBarRight" localReferencePoint="steeringBarRightPart" referencePoint="steeringBarRightRef" referenceFrame="forcedSteering">
                <dependentPart node="steeringBarRightPart" />
            </movingPart>
            <movingPart node="steeringBarRightPart" referencePoint="steeringBarRightRef" referenceFrame="steeringBarRightRef" />

            <!-- <movingPart node="steeringBarFront" referencePoint="steeringBarFrontRef" referenceFrame="steeringBarFrontRef" isActiveDirty="true" maxUpdateDistance="50" /> -->
            <movingPart node="steeringBarBack" referencePoint="steeringBarBackRef" referenceFrame="steeringBarBackRef" isActiveDirty="true" maxUpdateDistance="50" />
            <movingPart node="axisPickupLeft" referenceFrame="axisPickupLeftNode" isActiveDirty="true" maxUpdateDistance="50"/>
            <movingPart node="axisPickupRight" referenceFrame="axisPickupRightNode" isActiveDirty="true" maxUpdateDistance="50"/>

            <!-- <movingPart node="axleFrontHydraulic" referencePoint="axleFrontHydraulicRef" referenceFrame="axleFrontHydraulicRef">
                <translatingPart node="axleFrontHydraulicPunch" />
                <dependentPart node="axleFrontHydraulicCover"/>
            </movingPart> -->
            <!-- <movingPart node="axleFrontHydraulicCover" referencePoint="axleFrontHydraulicCoverRef" referenceFrame="axleFrontHydraulicCoverRef" scaleZ="true" /> -->
            <movingPart node="axleMiddleHydraulic" referencePoint="axleMiddleHydraulicRef" referenceFrame="axleMiddleHydraulicRef">
                <translatingPart node="axleMiddleHydraulicPunch" />
                <dependentPart node="axleMiddleHydraulicCover"/>
            </movingPart>
            <movingPart node="axleMiddleHydraulicCover" referencePoint="axleMiddleHydraulicCoverRef" referenceFrame="axleMiddleHydraulicCoverRef" scaleZ="true" />
            <movingPart node="axleBackHydraulic" referencePoint="axleBackHydraulicRef" referenceFrame="axleBackHydraulicRef">
                <translatingPart node="axleBackHydraulicPunch" />
                <dependentPart node="axleBackHydraulicCover"/>
            </movingPart>
            <movingPart node="axleBackHydraulicCover" referencePoint="axleBackHydraulicCoverRef" referenceFrame="axleBackHydraulicCoverRef" scaleZ="true" />
        </movingParts>

        <sounds>
            <actionSound template="hydraulicLayerTone" pitchScale="0.4" volumeScale="1.3" linkNode="drawbar" actionNames="TOOL_MOVE_POS TOOL_MOVE_NEG" nodes="drawbar" fadeIn="0.1" fadeOut="0.1"/>
            <actionSound template="clackVar6"          pitchScale="0.7" volumeScale="0.7" linkNode="drawbar" actionNames="TOOL_MOVE_END_POS_LIMIT"     nodes="drawbar" />
            <actionSound template="cylinderPunch"      pitchScale="1"   volumeScale="0.6" linkNode="drawbar" actionNames="TOOL_MOVE_END_POS_LIMIT"     nodes="drawbar" />
            <actionSound template="cylinderPunch"      pitchScale="1"   volumeScale="0.6" linkNode="drawbar" actionNames="TOOL_MOVE_END_NEG_LIMIT"     nodes="drawbar" />
            <actionSound template="clackVar6"          pitchScale="0.8" volumeScale="0.6" linkNode="drawbar" actionNames="TOOL_MOVE_END_NEG_LIMIT"     nodes="drawbar" />
            <actionSound template="sheetImp02"         pitchScale="0.8" volumeScale="1.2" linkNode="drawbar" actionNames="TOOL_MOVE_END_NEG_LIMIT"     nodes="drawbar" />
            <actionSound template="metalClose"         pitchScale="0.4" volumeScale="0.6" linkNode="drawbar" actionNames="TOOL_MOVE_END_NEG_LIMIT"     nodes="drawbar" />
        </sounds>
    </cylindered>

    <pickup>
        <animation name="rotatePickup" isDefaultLowered="false"/>
    </pickup>

    <fillUnit>
        <fillUnitConfigurations title="$l10n_configuration_silageAdditives">
            <fillUnitConfiguration name="$l10n_configuration_valueNo" price="0" >
                <fillUnits>
                    <fillUnit shopDisplayUnit="CUBICMETER" fillTypeCategories="forageWagon" capacity="40000" allowAILoading="true">
                        <exactFillRootNode node="exactFillRootNode" />
                        <autoAimTargetNode node="fillAutoAimTarget" startZ="3.9" endZ="-5.1" invert="false" startPercentage="25"/>
                    </fillUnit>
                </fillUnits>
            </fillUnitConfiguration>
            <fillUnitConfiguration name="$l10n_configuration_valueYes" price="2000" >
                <fillUnits>
                    <fillUnit shopDisplayUnit="CUBICMETER" fillTypeCategories="forageWagon" capacity="40000" allowAILoading="true">
                        <exactFillRootNode node="exactFillRootNode" />
                        <autoAimTargetNode node="fillAutoAimTarget" startZ="3.9" endZ="-5.1" invert="false" startPercentage="25"/>
                    </fillUnit>
                    <fillUnit unitTextOverride="$l10n_unit_literShort" fillTypes="SILAGE_ADDITIVE" capacity="10" showInShop="false" uiPrecision="2">
                        <exactFillRootNode node="exactFillRootNodeAdditives" />
                    </fillUnit>
                </fillUnits>
                <objectChange node="silageAdditivesTank_vis" visibilityActive="true" visibilityInactive="false"/>
            </fillUnitConfiguration>
        </fillUnitConfigurations>
    </fillUnit>

    <fillVolume>
        <fillVolumeConfigurations>
            <fillVolumeConfiguration>
                <volumes>
                    <volume node="fillVolume" maxAllowedHeapAngle="20" maxDelta="0.3" fillUnitIndex="1">
                        <deformNode node="fillVolumeDeformNode1" />
                        <deformNode node="fillVolumeDeformNode2" />
                    </volume>
                </volumes>
            </fillVolumeConfiguration>
            <fillVolumeConfiguration>
                <volumes>
                    <volume node="fillVolume" maxAllowedHeapAngle="30" maxDelta="1.5" fillUnitIndex="1">
                        <deformNode node="fillVolumeDeformNode1" />
                        <deformNode node="fillVolumeDeformNode2" />
                    </volume>
                </volumes>
            </fillVolumeConfiguration>
        </fillVolumeConfigurations>

        <unloadInfos>
            <unloadInfo>
                <node node="unloadNode" width="2.5" length="1.0" />
            </unloadInfo>
        </unloadInfos>

        <loadInfos>
            <loadInfo>
                <node node="loadNode" width="2.5" length="2.0" />
            </loadInfo>
        </loadInfos>

        <heightNodes>
            <heightNode>
                <refNode node="heightNode01" />
                <refNode node="heightNode02" />
                <node node="effectNodes" baseScale="1 1 1" transAxis="0 1 0" />
                <node node="unloadingParticle" baseScale="1 0.1 1" scaleAxis="0 0.4 0" transAxis="0 0 0" />
            </heightNode>
        </heightNodes>
    </fillVolume>

    <configurationSets title="$l10n_configuration_cover">
        <configurationSet name="$l10n_configuration_valueNo">
            <configuration name="cover" index="1"/>
            <configuration name="fillVolume" index="2"/>
        </configurationSet>
        <configurationSet name="$l10n_configuration_valueYes">
            <configuration name="cover" index="2"/>
            <configuration name="fillVolume" index="1"/>
        </configurationSet>
    </configurationSets>

    <cover>
        <coverConfigurations>
            <coverConfiguration name="$l10n_configuration_valueNo" price="0"/>
            <coverConfiguration name="$l10n_configuration_valueYes" price="6000">
                <cover openAnimation="toggleCover" fillUnitIndices="1" />
                <objectChange node="cover" visibilityActive="true" visibilityInactive="false"/>
                <objectChange node="0>0|8|2" visibilityActive="false" visibilityInactive="true"/>
            </coverConfiguration>
        </coverConfigurations>
    </cover> 

    <trailer>
        <trailerConfigurations>
            <trailerConfiguration name="$l10n_configuration_valueDefault" price="0">
                <trailer>
                    <tipSide name="$l10n_info_tipSideBack" dischargeNodeIndex="1">
                        <animation name="tipAnimationBack" speedScale="1.0" startTipTime="0.15" />
                        <animationNodes>
                            <animationNode node="scroller01" rotSpeed="1400"  rotAxis="1" turnOnFadeTime="2" turnOffFadeTime="2"/>
                            <animationNode node="scroller02" rotSpeed="-1400" rotAxis="1" turnOnFadeTime="2" turnOffFadeTime="2"/>
                            <animationNode node="scroller03" rotSpeed="1400" rotAxis="1" turnOnFadeTime="2" turnOffFadeTime="2"/>
                            <animationNode node="scratchingFloorFrontRoller" rotSpeed="-200" rotAxis="1" turnOnFadeTime="1" turnOffFadeTime="1"/>
                            <animationNode node="scratchingFloorBackRoller" rotSpeed="-200" rotAxis="1" turnOnFadeTime="1" turnOffFadeTime="1"/>
                            <animationNode node="scratchingFloor"         rotSpeed="14"  rotAxis="1" shaderComponentScale="0 -1 0 0" shaderParameterName="offsetUV" />
                        </animationNodes>
                    </tipSide>
                </trailer>
            </trailerConfiguration>
        </trailerConfigurations>
    </trailer>

    <dischargeable>
        <dischargeNode node="dischargeNode" emptySpeed="1000" fillUnitIndex="1" unloadInfoIndex="1" allowAIDischarge="true">
            <info width="1.5" length="0.5" />
            <effects>
                <effectNode effectClass="TipEffect">
                    <effectNode effectNode="unloadingParticle" effectClass="ParticleEffect" materialType="unloadingParticle" fadeTime="0.5" delay="0.1" lifespan="0.11"/>
                    <effectNode effectNode="unloadingEffect" materialType="unloading" materialTypeId="3" fadeTime="0.5" extraDistanceNode="dischargeNode"/>
                </effectNode>
                <effectNode  effectNode="smokeEffect" materialType="unloadingSmoke" fadeTime="0.5"/>
            </effects>
            <dischargeStateSound template="dischargeLoop" fadeIn="0.5" fadeOut="3.5" linkNodeOffset="0 3 -5.5" innerRadius="1.5">
                <volume indoor="0.35" outdoor="1.1"/>
                <pitch indoor="1.1" outdoor="1.1"/>
            </dischargeStateSound>
            <dischargeStateSound template="FORAGE_WAGON_01" fadeIn="0.2" fadeOut="1.6" linkNodeOffset="0 2.0 -1.0" >
                <volume indoor="0.35" outdoor="2.2"/>
                <pitch indoor="0.7" outdoor="0.7"/>
                <lowpassGain indoor="0.7" outdoor="0.7"/>
            </dischargeStateSound>
        </dischargeNode>
    </dischargeable>

    <forageWagon workAreaIndex="1" fillUnitIndex="1" loadInfoIndex="1" maxPickupLitersPerSecond="350">
        <fillVolume dischargeScrollSpeed="0 0 0.3" loadScrollSpeed="0 0 0.05"/>
        <additives fillUnitIndex="2" usage="0.0000275" fillTypes="GRASS_WINDROW" />

        <fillEffect>
            <effectNode effectClass="TypedMotionPathEffect" effectType="PICKUPIN" linkNode="pickupEffectNode">
                <motionPathEffect textureFilename="$data/vehicles/strautmann/magnon530/pickupEffectArray.dds" numRows="12" rowLength="10" minFade="0.15" shapeScale="0.7"/>
            </effectNode>
            <effectNode effectClass="TypedMotionPathEffect" effectType="PICKUPIN" linkNode="liftupEffectNode">
                <motionPathEffect textureFilename="textures/liftupEffectArray.dds" numRows="12" rowLength="10" delay="0.35" shapeScale="0.3"/>
            </effectNode>
            <effectNode effectClass="ParticleEffect" effectNode="pickupSmokeEmitter" particleType="SMOKE" materialType="smokeParticle" emitCountScale="0.1"/>
            <effectNode effectClass="ParticleEffect" effectNode="pickupSmokeEmitter" particleType="SMOKE" materialType="smokeParticle" emitCountScale="0.2" worldSpace="false"/>
        </fillEffect>

        <startFillEffect fillStartDelay="0.4" fillStartFadeOff="4000">
            <effectNode effectClass="TypedMotionPathEffect" effectType="PICKUPOUT" linkNode="pickupOutEffectNode">
                <motionPathEffect textureFilename="$data/effects/pickup/sharedPickupArrayOUT.dds" numRows="4" rowLength="22" delay="0"/>
            </effectNode>
        </startFillEffect>
    </forageWagon>

    <turnOnVehicle>
        <animationNodes>
            <animationNode node="rotor" rotSpeed="400"  rotAxis="1" turnOnFadeTime="2" turnOffFadeTime="3" />
            <animationNode node="tines" rotSpeed="-400"  rotAxis="1" turnOnFadeTime="2" turnOffFadeTime="3" />
            <animationNode node="scratchingFloorFrontRoller" rotSpeed="-15" rotAxis="1" turnOnFadeTime="2" turnOffFadeTime="3"/>
            <animationNode node="scratchingFloorBackRoller"  rotSpeed="-15" rotAxis="1" turnOnFadeTime="2" turnOffFadeTime="3"/>
            <animationNode node="scratchingFloor"        scrollSpeed="-10"  rotAxis="1" shaderComponentScale="0 -1 0 0" shaderParameterName="offsetUV" />
        </animationNodes>
        <sounds>
            <work template="mixerHeaderLoop" volumeScale=".85" pitchScale="1.4" fadeIn="0.6" fadeOut="3.5" linkNode="rotor" />
            <work template="forageHarvesterWork" volumeScale="0.70" pitchScale="2" fadeIn="0.5" fadeOut="1.6" linkNode="rotor" />
        </sounds>
    </turnOnVehicle>

    <ai>
        <allowTurnBackward value="false"/>
        <turningRadiusLimitation radius="10"/>
        <agentAttachment jointNode="attacherJoint" rotCenterWheelIndices="1 2 3 4" width="3.15" height="4.6" length="11" lengthOffset="0.6"/>
    </ai>

    <foliageBending>
        <bendingNode minX="-1.55" maxX="1.55" minZ="-3.4" maxZ="4.4" yOffset="0.55" />
        <bendingNode minX="-1.3" maxX="1.3" minZ="-4.1" maxZ="-2.3" yOffset="1.3" />
        <bendingNode minX="-0.3" maxX="0.3" minZ="0.15" maxZ="1.4" yOffset="-0.5" node="drawbar" />
    </foliageBending>
    
    <designConfigurations title="$l10n_configuration_DischargeRollers">
		<designConfiguration name="$l10n_configuration_valueNo" price="0">
			<objectChange node="0>0|8|3|1" visibilityActive="true" visibilityInactive="false"/>
			<objectChange node="0>0|3|1|3" visibilityActive="false" visibilityInactive="true"/>
			<objectChange node="0>0|3|1|4" visibilityActive="false" visibilityInactive="true"/>
            <objectChange node="0>0|3|1|5" visibilityActive="false" visibilityInactive="true"/>
            <objectChange node="0>0|2|0|1" translationActive="1.265 1.61 -2.367" translationInactive="1.29 1.61 -2.367"/>
            <objectChange node="0>0|2|0|8" translationActive="-1.265 1.61 -2.367" translationInactive="-1.29 1.61 -2.367"/>
		</designConfiguration>
        <designConfiguration name="$l10n_configuration_valueYes" price="15000">
			<objectChange node="0>0|8|3|0" visibilityActive="true" visibilityInactive="false"/>
			<objectChange node="0>0|3|1|3" visibilityActive="true" visibilityInactive="false"/>
			<objectChange node="0>0|3|1|4" visibilityActive="true" visibilityInactive="false"/>
            <objectChange node="0>0|3|1|5" visibilityActive="true" visibilityInactive="false"/>
		</designConfiguration>
    </designConfigurations>

    <baseMaterial>
        <material name="zx560GD_mat" baseNode="zx560gd_vis">
            <shaderParameter name="colorMat0" value="KRONE_GREEN1"/>
            <shaderParameter name="colorMat1" value="KRONE_YELLOW1"/>
        </material>
        <material name="zx560GD1_mat" baseNode="exterior02">
            <shaderParameter name="colorMat0" value="KRONE_GREEN1"/>
            <shaderParameter name="colorMat1" value="KRONE_YELLOW1"/>
        </material>
        <material name="zx560GDBelt_mat" baseNode="scratchingFloor">
            <shaderParameter name="colorMat0" value="KRONE_GREEN1"/>
        </material>
        <material name="zx560GDDecals_mat1" baseNode="decals4">
            <shaderParameter name="colorMat0" value="KRONE_YELLOW1"/>
            <shaderParameter name="colorMat1" value="KRONE_GREEN1"/>
        </material>
        <material name="zx560GDTransparent_mat" baseNode="transparent">
            <shaderParameter name="colorMat0" value="KRONE_GREEN1"/>
        </material>
        <material name="RX_Decals_mat1" baseNode="RX_Decals">
            <shaderParameter name="colorMat0" value="KRONE_YELLOW1"/>
            <shaderParameter name="colorMat1" value="KRONE_GREEN1"/>
        </material>
        <material name="RX_newParts_mat" baseNode="AbdeckungRXGD">
            <shaderParameter name="colorMat1" value="KRONE_GREEN1"/>
            <shaderParameter name="colorMat0" value="KRONE_YELLOW1"/>
        </material>
        <material name="Decal_Type_Color_mat" baseNode="0>0|8|3|0|1">
            <shaderParameter name="colorMat1" value="KRONE_GREEN1"/>
        </material>
    </baseMaterial>

    <wearable wearDuration="480" workMultiplier="5" fieldMultiplier="2"/>
    <washable dirtDuration="90" washDuration="1" workMultiplier="3" fieldMultiplier="2"/>

    <i3dMappings>
        <i3dMapping id="zx560gd_main_component1" node="0>" />
        <i3dMapping id="zx560gd_vis" node="0>0" />
        <i3dMapping id="drawbar" node="0>0|0|0" />
        <i3dMapping id="attacherJoint" node="0>0|0|0|0" />
        <i3dMapping id="drawbarHydraulicRef" node="0>0|0|0|1" />
        <i3dMapping id="forcedSteering" node="0>0|0|0|2" />
        <i3dMapping id="steeringBarRight" node="0>0|0|0|2|0" />
        <i3dMapping id="steeringBarRightPart" node="0>0|0|0|2|0|0" />
        <i3dMapping id="steeringBarRightRef" node="0>0|0|0|2|0|0|0" />
        <i3dMapping id="ptoDetachNode" node="0>0|0|0|3|0" />
        <i3dMapping id="ptoHolder" node="0>0|0|0|3|1" />
        <i3dMapping id="supportArm" node="0>0|0|1|0" />
        <i3dMapping id="supportCol" node="0>0|0|1|1" />
        <i3dMapping id="ptoInputNode" node="0>0|0|2|0" />
        <i3dMapping id="hydraulicIn01" node="0>0|0|3|0" />
        <i3dMapping id="hydraulicIn01_detached" node="0>0|0|3|0|0" />
        <i3dMapping id="hydraulicOut01" node="0>0|0|3|1" />
        <i3dMapping id="hydraulicOut01_detached" node="0>0|0|3|1|0" />
        <i3dMapping id="hydraulicIn02" node="0>0|0|3|2" />
        <i3dMapping id="hydraulicIn02_detached" node="0>0|0|3|2|0" />
        <i3dMapping id="hydraulicOut02" node="0>0|0|3|3" />
        <i3dMapping id="hydraulicOut02_detached1" node="0>0|0|3|3|0" />
        <i3dMapping id="hydraulicIn03" node="0>0|0|3|4" />
        <i3dMapping id="hydraulicIn03_detached" node="0>0|0|3|4|0" />
        <i3dMapping id="hydraulicOut03" node="0>0|0|3|5" />
        <i3dMapping id="hydraulicOut03_detached" node="0>0|0|3|5|0" />
        <i3dMapping id="electric" node="0>0|0|3|6" />
        <i3dMapping id="electric_detached" node="0>0|0|3|7" />
        <i3dMapping id="wheelChock02" node="0>0|0|4|0" />
        <i3dMapping id="wheelChock01" node="0>0|0|4|1" />
        <i3dMapping id="chockSupport02" node="0>0|0|4|2" />
        <i3dMapping id="chockSupport01" node="0>0|0|4|3" />
        <i3dMapping id="axleFront" node="0>0|1|0" />
        <i3dMapping id="axisFrontLeft" node="0>0|1|0|0" />
        <i3dMapping id="wheelFrontLeft" node="0>0|1|0|0|0" />
        <i3dMapping id="steeringBarFront" node="0>0|1|0|0|1" />
        <i3dMapping id="steeringBarFrontLeftHydraulicRef" node="0>0|1|0|0|2" />
        <i3dMapping id="axisFrontRight" node="0>0|1|0|1" />
        <i3dMapping id="wheelFrontRight" node="0>0|1|0|1|0" />
        <i3dMapping id="steeringBarFrontRef" node="0>0|1|0|1|1" />
        <i3dMapping id="steeringBarFrontRightHydraulicRef" node="0>0|1|0|1|2" />
        <i3dMapping id="axleFrontHydraulicRef" node="0>0|1|0|2" />
        <i3dMapping id="steeringBarFrontLeftHydraulic" node="0>0|1|0|3" />
        <i3dMapping id="steeringBarFrontLeftHydraulicPunch" node="0>0|1|0|3|0" />
        <i3dMapping id="steeringBarFrontRightHydraulic" node="0>0|1|0|4" />
        <i3dMapping id="steeringBarFrontRightHydraulicPunch" node="0>0|1|0|4|0" />
        <i3dMapping id="axleFrontHydraulic" node="0>0|1|1" />
        <i3dMapping id="axleFrontHydraulicPunch" node="0>0|1|1|0" />
        <i3dMapping id="axleFrontHydraulicCoverRef" node="0>0|1|1|0|0" />
        <i3dMapping id="axleFrontHydraulicCover" node="0>0|1|1|1" />
        <i3dMapping id="axleMiddle" node="0>0|1|2" />
        <i3dMapping id="wheelMiddleLeft" node="0>0|1|2|0" />
        <i3dMapping id="wheelMiddleRight" node="0>0|1|2|1" />
        <i3dMapping id="axleMiddleHydraulicRef" node="0>0|1|2|2" />
        <i3dMapping id="axleMiddleHydraulic" node="0>0|1|3" />
        <i3dMapping id="axleMiddleHydraulicPunch" node="0>0|1|3|0" />
        <i3dMapping id="axleMiddleHydraulicCoverRef" node="0>0|1|3|0|0" />
        <i3dMapping id="axleMiddleHydraulicCover" node="0>0|1|3|1" />
        <i3dMapping id="axleBack" node="0>0|1|4" />
        <i3dMapping id="axisBackLeft" node="0>0|1|4|0" />
        <i3dMapping id="wheelBackLeft" node="0>0|1|4|0|0" />
        <i3dMapping id="steeringBarBack" node="0>0|1|4|0|1" />
        <i3dMapping id="steeringBarBackLeftHydraulicRef" node="0>0|1|4|0|2" />
        <i3dMapping id="axisBackRight" node="0>0|1|4|1" />
        <i3dMapping id="wheelBackRight" node="0>0|1|4|1|0" />
        <i3dMapping id="steeringBarBackRef" node="0>0|1|4|1|1" />
        <i3dMapping id="steeringBarBackRightHydraulicRef" node="0>0|1|4|1|2" />
        <i3dMapping id="axleBackHydraulicRef" node="0>0|1|4|2" />
        <i3dMapping id="steeringBarBackLeftHydraulic" node="0>0|1|4|3" />
        <i3dMapping id="steeringBarBackLeftHydraulicPunch" node="0>0|1|4|3|0" />
        <i3dMapping id="steeringBarBackRightHydraulic" node="0>0|1|4|4" />
        <i3dMapping id="steeringBarBackRightHydraulicPunch" node="0>0|1|4|4|0" />
        <i3dMapping id="axleBackHydraulic" node="0>0|1|5" />
        <i3dMapping id="axleBackHydraulicPunch" node="0>0|1|5|0" />
        <i3dMapping id="axleBackHydraulicCoverRef" node="0>0|1|5|0|0" />
        <i3dMapping id="axleBackHydraulicCover" node="0>0|1|5|1" />
        <i3dMapping id="yellowRound_01" node="0>0|2|0|0" />
        <i3dMapping id="yellowRound_02" node="0>0|2|0|1" />
        <i3dMapping id="yellowRound_03" node="0>0|2|0|2" />
        <i3dMapping id="yellowRound_04" node="0>0|2|0|3" />
        <i3dMapping id="yellowRound_05" node="0>0|2|0|4" />
        <i3dMapping id="yellowRound_06" node="0>0|2|0|5" />
        <i3dMapping id="yellowRound_07" node="0>0|2|0|6" />
        <i3dMapping id="yellowRound_08" node="0>0|2|0|7" />
        <i3dMapping id="yellowRound_09" node="0>0|2|0|8" />
        <i3dMapping id="yellowRound_10" node="0>0|2|0|9" />
        <i3dMapping id="sideMarker_05White01" node="0>0|2|0|10" />
        <i3dMapping id="sideMarker_05White02" node="0>0|2|0|11" />
        <i3dMapping id="sideMarker_05Red01" node="0>0|2|0|12" />
        <i3dMapping id="sideMarker_05Red02" node="0>0|2|0|13" />
        <i3dMapping id="backDoor" node="0>0|3|0" />
        <i3dMapping id="backDoorHydraulicRef" node="0>0|3|0|0" />
        <i3dMapping id="sideMarker_01_" node="0>0|3|0|1|0|0" />
        <i3dMapping id="sideMarker_01_1" node="0>0|3|0|1|0|1" />
        <i3dMapping id="rear3ChamberLight_03_" node="0>0|3|0|1|0|2" />
        <i3dMapping id="rear3ChamberLight_03_1" node="0>0|3|0|1|0|3" />
        <i3dMapping id="rear3ChamberLight_03_2" node="0>0|3|0|1|0|4" />
        <i3dMapping id="rear3ChamberLight_03_3" node="0>0|3|0|1|0|5" />
        <i3dMapping id="rear3ChamberLight_03_6" node="0>0|3|0|1|0|6" />
        <i3dMapping id="rear3ChamberLight_03_5" node="0>0|3|0|1|0|7" />
        <i3dMapping id="redTriangle_01_" node="0>0|3|0|1|0|8" />
        <i3dMapping id="redTriangle_01_1" node="0>0|3|0|1|0|9" />
        <i3dMapping id="turnLightLeftBack" node="0>0|3|0|1|1|0" />
        <i3dMapping id="turnLightRightBack" node="0>0|3|0|1|1|1" />
        <i3dMapping id="backLightsHigh1" node="0>0|3|0|1|2|0" />
        <i3dMapping id="licensePlateNodeBack" node="0>0|3|0|4" />
        <i3dMapping id="plateNumberLight02" node="0>0|3|0|5" />
        <i3dMapping id="plateNumberLight03" node="0>0|3|0|6" />
        <i3dMapping id="licensePlateLightHigh" node="0>0|3|0|7" />
        <i3dMapping id="scratchingFloorFrontRoller" node="0>0|3|1|0" />
        <i3dMapping id="scratchingFloorBackRoller" node="0>0|3|1|1" />
        <i3dMapping id="scratchingFloor" node="0>0|3|1|2" />
        <i3dMapping id="scroller03" node="0>0|3|1|3" />
        <i3dMapping id="scroller02" node="0>0|3|1|4" />
        <i3dMapping id="scroller01" node="0>0|3|1|5" />
        <i3dMapping id="frontDoor" node="0>0|3|2" />
        <i3dMapping id="rotor" node="0>0|3|3" />
        <i3dMapping id="pickupJoint" node="0>0|3|4" />
        <i3dMapping id="pickupPart01" node="0>0|3|5" />
        <i3dMapping id="axisPickupLeft" node="0>0|3|5|0|0" />
        <i3dMapping id="wheelPickupLeft" node="0>0|3|5|0|0|0|0" />
        <i3dMapping id="axisPickupRight" node="0>0|3|5|1|0" />
        <i3dMapping id="wheelPickupRight" node="0>0|3|5|1|0|0|0" />
        <i3dMapping id="pickupPart02Ref" node="0>0|3|5|2" />
        <i3dMapping id="pickupPart03Ref" node="0>0|3|5|3" />
        <i3dMapping id="pickup" node="0>0|3|6" />
        <i3dMapping id="pickupPart03" node="0>0|3|6|0" />
        <i3dMapping id="downHolder" node="0>0|3|6|1" />
        <i3dMapping id="pickupRoller" node="0>0|3|6|1|0" />
        <i3dMapping id="tines" node="0>0|3|6|2" />
        <i3dMapping id="pickupPart01Ref" node="0>0|3|6|3" />
        <i3dMapping id="pickupPart02" node="0>0|3|6|4" />
        <i3dMapping id="pickupEffectNode" node="0>0|3|6|7|0" />
        <i3dMapping id="pickupSmokeEmitter" node="0>0|3|6|7|1" />
        <i3dMapping id="pickupRefFrame" node="0>0|3|7" />
        <i3dMapping id="backDoorHydraulic" node="0>0|4|0" />
        <i3dMapping id="backDoorHydraulicPunch" node="0>0|4|0|0" />
        <i3dMapping id="drawbarHydraulic" node="0>0|4|1" />
        <i3dMapping id="drawbarHydraulicPunch" node="0>0|4|1|0" />
        <i3dMapping id="dischargeNode" node="0>0|5|0" />
        <i3dMapping id="fillVolume" node="0>0|5|1" />
        <i3dMapping id="unloadNode" node="0>0|5|2" />
        <i3dMapping id="fillVolumeDeformNode1" node="0>0|5|3|0" />
        <i3dMapping id="fillVolumeDeformNode2" node="0>0|5|3|1" />
        <i3dMapping id="heightNode01" node="0>0|5|4|0" />
        <i3dMapping id="heightNode02" node="0>0|5|4|1" />
        <i3dMapping id="exactFillRootNode" node="0>0|5|5" />
        <i3dMapping id="fillAutoAimTarget" node="0>0|5|6" />
        <i3dMapping id="loadNode" node="0>0|5|6|0" />
        <i3dMapping id="effectNodes" node="0>0|6|0" />
        <i3dMapping id="unloadingEffect" node="0>0|6|0|0" />
        <i3dMapping id="smokeEffect" node="0>0|6|0|1" />
        <i3dMapping id="unloadingParticle" node="0>0|6|1|0" />
        <i3dMapping id="emitShapeWindrowFalling2" node="0>0|6|1|1" />
        <i3dMapping id="liftupEffectNode" node="0>0|6|2|0" />
        <i3dMapping id="pickupOutEffectNode" node="0>0|6|2|1" />
        <i3dMapping id="cover" node="0>0|8|0" />
        <i3dMapping id="coverLeft" node="0>0|8|0|0" />
        <i3dMapping id="coverRight" node="0>0|8|0|1" />
        <i3dMapping id="coverHolder" node="0>0|8|0|2" />
        <i3dMapping id="silageAdditivesTank_vis" node="0>0|8|1" />
        <i3dMapping id="exactFillRootNodeAdditives" node="0>0|8|1|1" />
        <i3dMapping id="transparent" node="0>0|9|0" />
        <i3dMapping id="exterior02" node="0>0|9|1" />
        <i3dMapping id="decals4" node="0>0|9|6" />
        <i3dMapping id="axisPickupLeftNode" node="1>0|0" />
        <i3dMapping id="supportWheelPickupLeft" node="1>0|0|0" />
        <i3dMapping id="axisPickupRightNode" node="1>1|0" />
        <i3dMapping id="supportWheelPickupRight" node="1>1|0|0" />
        <i3dMapping id="groundRefNode" node="1>2" />
        <i3dMapping id="workArea01Start" node="1>3|0" />
        <i3dMapping id="workArea01Width" node="1>3|1" />
        <i3dMapping id="workArea01Height" node="1>3|2" />
        <i3dMapping id="pickupRef" node="1>4" />
        
        
        <i3dMapping id="AbdeckungRXGD" node="0>0|9|8" />
        <i3dMapping id="RX_Decals" node="0>0|9|9" />
    </i3dMappings>
</vehicle>
