<?xml version="1.0" encoding="utf-8" standalone="no" ?>
<modDesc descVersion="66">
    <author>Schnibbl Modding - Modded by FarmaField</author>
    <version>1.0.0.0</version>
    <title>
        <en>Krone MX/RX Pack Wide</en>
    </title>
    	<description>
		<en><![CDATA[
Price: 113045€ - 146820€
Power required: 120-170 hp

The Krone forage wagons include 4 different models (MX330, MX370, RX360 and RX400) from 33 up to 40 cubic meter.
Working Width 8M

Configurations:

- Wheels (Trelleborg, Michelin, BKT and Vredestein)
- Discharge rollers available
- Silage additive available]]></en>

		<de><![CDATA[
Preis: 113045€ - 146820€
Benötigte Leistung: 120-170 PS

Die Krone Ladewägen beinhalten 4 Modelle (MX330, MX370, RX360 and RX400) von 33m³ bis hin zu 40m³.
Arbeitsbreite 8M

Konfigurationen:

- Reifen (Trelleborg, Michelin, BKT and Vredestein)
- Dosierwalzen wählbar
- Silage-Additive wählbar]]></de>

	</description>
    <iconFilename>modIcon.dds</iconFilename>
    <multiplayer supported="true" />

    <l10n>
		<text name="configuration_DischargeRollers"> <en>Discharge rollers</en>   <de>Dosierwalzen</de>    </text>
	</l10n>

    <storeItems>
        <storeItem xmlFilename="data/mx330.xml" />
        <storeItem xmlFilename="data/mx370.xml" />
        <storeItem xmlFilename="data/rx360.xml" />
        <storeItem xmlFilename="data/rx400.xml" />
    </storeItems>
</modDesc>
