<?xml version="1.0" encoding="utf-8" standalone="no"?>
<modDesc descVersion="77">
    <author>Młody98 Software Moded by FarmaField</author>
    <version>1.0.0.0</version>
    <title>
        <en>Metaltech TB Pack Unreal</en>
    </title>

    <description>
<en>
<![CDATA[Metaltech TB Pack
TB 6
Price: 8500$
Capacity: 9500 liter

TB 8
Price: 11500$
Capacity: 10900 liter

TB 10
Price: 14700$
Capacity: 13000 liter

TB 12
Price: 16200$
Capacity: 15200 liter

TB 12 Unreal
Price: 16200$
Capacity: 15200 / 50000 liter

TB 14 / Premium
Price: 21500$ / 26600$
Capacity: 17000 / 19300 liter

TB 20 / Premium
Price: 30500$ / 35000$
Capacity: 26000 / 29000 liter

TB 20 / Premium Unreal
Price: 30500$ / 35000$
Capacity: 26000 / 100000 liter

Configurations:
- Color 
- Two Types Of Configuration For Bales in TB 6,8,10,12
]]>
</en>
<de>
<![CDATA[Metaltech TB Pack
TB 6
Preis: 9500€
Kapazität: 8500 Liter

TB 8
Preis: 11500€
Fassungsvermögen: 10900 Liter

TB 10
Preis: 14700€
Fassungsvermögen: 13000 Liter

TB 12
Preis: 16200€
Fassungsvermögen: 15200  Liter

TB 12 unwirklich
Preis: 16200€
Fassungsvermögen: 15200  / 50000 Liter

TB 14 / Premium
Preis: 21500€ / 26600€
Fassungsvermögen: 17000 / 19300 Liter

TB 20 / Premium
Preis: 30500€ / 35000€
Fassungsvermögen: 26000 / 29000 Liter

TB 20 / unwirklich
Preis: 30500€ / 35000€
Fassungsvermögen: 26000 / 100000 Liter

Konfigurationen:
- Farbe
- Zwei Arten von Konfigurationen für Ballen in TB 6,8,10,12
]]>
</de>
    </description>
    <iconFilename>icon_tb.dds</iconFilename>
    <multiplayer supported="true"/>
	
    <storeItems>
        <storeItem rootNode="vehicle" xmlFilename="tb6000.xml"/>
        <storeItem rootNode="vehicle" xmlFilename="tb8000.xml"/>
        <storeItem rootNode="vehicle" xmlFilename="tb10000.xml"/>
        <storeItem rootNode="vehicle" xmlFilename="tb12000Unreal.xml"/>
		<storeItem rootNode="vehicle" xmlFilename="tb12000.xml"/>
        <storeItem rootNode="vehicle" xmlFilename="tb14000.xml"/>
        <storeItem rootNode="vehicle" xmlFilename="tb14000premium.xml"/>
        <storeItem rootNode="vehicle" xmlFilename="tb20000.xml"/>
		<storeItem rootNode="vehicle" xmlFilename="tb20000unreal.xml"/>
    </storeItems>
	
    <brands>
        <brand name="METALTECH" title="METALTECH" image="brand_metaltech.dds"/>
    </brands>
</modDesc>
