﻿<?xml version="1.0" encoding="utf-8" standalone="no" ?>
<vehicle type="trailer">
    <annotation>Copyright (C) GIANTS Software GmbH, All Rights Reserved.</annotation>
    <storeData>
        <name>TB 20</name>
        <functions>
            <function>$l10n_function_tipper</function>
        </functions>
        <image>store_tb20.png</image>
        <price>30500</price>
        <lifetime>600</lifetime>
        <rotation>0</rotation>
        <brand>METALTECH</brand>
        <category>trailers</category>
        <vertexBufferMemoryUsage>2585600</vertexBufferMemoryUsage>
        <indexBufferMemoryUsage>400128</indexBufferMemoryUsage>
        <textureMemoryUsage>2293760</textureMemoryUsage>
        <audioMemoryUsage>0</audioMemoryUsage>
        <instanceVertexBufferMemoryUsage>0</instanceVertexBufferMemoryUsage>
        <instanceIndexBufferMemoryUsage>0</instanceIndexBufferMemoryUsage>
    </storeData>
	<base>
		<typeDesc>$l10n_typeDesc_tipper</typeDesc>
		<filename>tb20000.i3d</filename>
		<size width="3" length="8" lengthOffset="0.75"/>
		<sounds volumeFactor="1.3"/>
		<components maxMass="26000">
			<component centerOfMass="0 0.7 0" solverIterationCount="10" mass="5500"/>
		</components>
		<schemaOverlay attacherJointPosition="0 0" name="IMPLEMENT" />
        <mapHotspot type="TRAILER" />
	</base>
	
	<wheels>
        <wheelConfigurations>
            <wheelConfiguration name="$l10n_configuration_valueDefault" price="0" brand="LIZARD">
                <wheels>
                    <wheel filename="$data/shared/wheels/tires/lizard/implement/385_65R22_5.xml" isLeft="true" hasTireTracks="true" hasParticles="true" >
                        <physics tipOcclusionAreaGroupId="1" restLoad="1.3" repr="0>0|0"  forcePointRatio="0.5" initialCompression="17" suspTravel="0.13" spring="60" damper="50" />
						<wheelChock parkingNode="0>2|5|0" />
                        <wheelChock parkingNode="0>2|5|1" isInverted="true" />
						<innerRim filename="wheels/rimsMetaltech.i3d" node="0|0" widthAndDiam="45 44" offset="-0.055"/>
					</wheel>
                    <wheel filename="$data/shared/wheels/tires/lizard/implement/385_65R22_5.xml" isLeft="false" hasTireTracks="true" hasParticles="true" >
                        <physics tipOcclusionAreaGroupId="1" restLoad="1.3" repr="0>1|0" forcePointRatio="0.5" initialCompression="17" suspTravel="0.13" spring="60" damper="50" />
						<innerRim filename="wheels/rimsMetaltech.i3d" node="0|1" widthAndDiam="45 44" offset="-0.055"/>
                    </wheel>
					<wheel filename="$data/shared/wheels/tires/lizard/implement/385_65R22_5.xml" isLeft="true" hasTireTracks="true" hasParticles="true" >
                        <physics tipOcclusionAreaGroupId="1" restLoad="1.3" repr="0>8|0" forcePointRatio="0.5" initialCompression="17" suspTravel="0.13" spring="60" damper="50" />
						<innerRim filename="wheels/rimsMetaltech.i3d" node="0|0" widthAndDiam="45 44" offset="-0.055"/>
                    </wheel>
					<wheel filename="$data/shared/wheels/tires/lizard/implement/385_65R22_5.xml" isLeft="false" hasTireTracks="true" hasParticles="true" >
                        <physics tipOcclusionAreaGroupId="1" restLoad="1.3" repr="0>9|0" forcePointRatio="0.5" initialCompression="17" suspTravel="0.13" spring="60" damper="50" />
						<innerRim filename="wheels/rimsMetaltech.i3d" node="0|1" widthAndDiam="45 44" offset="-0.055"/>
                    </wheel>
					<wheel filename="$data/shared/wheels/tires/lizard/implement/385_65R22_5.xml" isLeft="true" hasTireTracks="true" hasParticles="true" >
                        <physics tipOcclusionAreaGroupId="1" restLoad="1.3" repr="0>10|0" forcePointRatio="0.5" initialCompression="17" suspTravel="0.13" spring="60" damper="50" />
						<innerRim filename="wheels/rimsMetaltech.i3d" node="0|0" widthAndDiam="45 44" offset="-0.055"/>
                    </wheel>
					<wheel filename="$data/shared/wheels/tires/lizard/implement/385_65R22_5.xml" isLeft="false" hasTireTracks="true" hasParticles="true" >
                        <physics tipOcclusionAreaGroupId="1" restLoad="1.3" repr="0>11|0" forcePointRatio="0.5" initialCompression="17" suspTravel="0.13" spring="60" damper="50" />
						<innerRim filename="wheels/rimsMetaltech.i3d" node="0|1" widthAndDiam="45 44" offset="-0.055"/>
                    </wheel>
                </wheels>				
            </wheelConfiguration>
			<wheelConfiguration name="$l10n_configuration_valueDefault" price="1500" brand="LIZARD">
                <wheels>
                    <wheel filename="wheels/385_65R22_5.xml" isLeft="true" hasTireTracks="true" hasParticles="true" >
                        <physics tipOcclusionAreaGroupId="1" restLoad="1.3" repr="0>0|0"  forcePointRatio="0.5" initialCompression="17" suspTravel="0.13" spring="60" damper="50" />
						<wheelChock parkingNode="0>2|5|0" />
                        <wheelChock parkingNode="0>2|5|1" isInverted="true" />
						<innerRim filename="wheels/rimsMetaltech.i3d" node="0|0" widthAndDiam="45 44" offset="-0.055"/>
					</wheel>
                    <wheel filename="wheels/385_65R22_5.xml" isLeft="false" hasTireTracks="true" hasParticles="true" >
                        <physics tipOcclusionAreaGroupId="1" restLoad="1.3" repr="0>1|0" forcePointRatio="0.5" initialCompression="17" suspTravel="0.13" spring="60" damper="50" />
						<innerRim filename="wheels/rimsMetaltech.i3d" node="0|1" widthAndDiam="45 44" offset="-0.055"/>
                    </wheel>
					<wheel filename="wheels/385_65R22_5.xml" isLeft="true" hasTireTracks="true" hasParticles="true" >
                        <physics tipOcclusionAreaGroupId="1" restLoad="1.3" repr="0>8|0" forcePointRatio="0.5" initialCompression="17" suspTravel="0.13" spring="60" damper="50" />
						<innerRim filename="wheels/rimsMetaltech.i3d" node="0|0" widthAndDiam="45 44" offset="-0.055"/>
                    </wheel>
					<wheel filename="wheels/385_65R22_5.xml" isLeft="false" hasTireTracks="true" hasParticles="true" >
                        <physics tipOcclusionAreaGroupId="1" restLoad="1.3" repr="0>9|0" forcePointRatio="0.5" initialCompression="17" suspTravel="0.13" spring="60" damper="50" />
						<innerRim filename="wheels/rimsMetaltech.i3d" node="0|1" widthAndDiam="45 44" offset="-0.055"/>
                    </wheel>
					<wheel filename="wheels/385_65R22_5.xml" isLeft="true" hasTireTracks="true" hasParticles="true" >
                        <physics tipOcclusionAreaGroupId="1" restLoad="1.3" repr="0>10|0" forcePointRatio="0.5" initialCompression="17" suspTravel="0.13" spring="60" damper="50" />
						<innerRim filename="wheels/rimsMetaltech.i3d" node="0|0" widthAndDiam="45 44" offset="-0.055"/>
                    </wheel>
					<wheel filename="wheels/385_65R22_5.xml" isLeft="false" hasTireTracks="true" hasParticles="true" >
                        <physics tipOcclusionAreaGroupId="1" restLoad="1.3" repr="0>11|0" forcePointRatio="0.5" initialCompression="17" suspTravel="0.13" spring="60" damper="50" />
						<innerRim filename="wheels/rimsMetaltech.i3d" node="0|1" widthAndDiam="45 44" offset="-0.055"/>
                    </wheel>
                </wheels>				
            </wheelConfiguration>
			<wheelConfiguration name="$l10n_configuration_valueDefault" price="1200" brand="CONTINENTAL">
                <wheels>
                    <wheel filename="$data/shared/wheels/tires/continental/contiCrossTracHS3/385_65R22_5.xml" isLeft="true" hasTireTracks="true" hasParticles="true" >
                        <physics tipOcclusionAreaGroupId="1" restLoad="1.3" repr="0>0|0"  forcePointRatio="0.5" initialCompression="17" suspTravel="0.13" spring="60" damper="50" />
						<wheelChock parkingNode="0>2|5|0" />
                        <wheelChock parkingNode="0>2|5|1" isInverted="true" />
						<innerRim filename="wheels/rimsMetaltech.i3d" node="0|0" widthAndDiam="45 44" offset="-0.055"/>
					</wheel>
                    <wheel filename="$data/shared/wheels/tires/continental/contiCrossTracHS3/385_65R22_5.xml" isLeft="false" hasTireTracks="true" hasParticles="true" >
                        <physics tipOcclusionAreaGroupId="1" restLoad="1.3" repr="0>1|0" forcePointRatio="0.5" initialCompression="17" suspTravel="0.13" spring="60" damper="50" />
						<innerRim filename="wheels/rimsMetaltech.i3d" node="0|1" widthAndDiam="45 44" offset="-0.055"/>
                    </wheel>
					<wheel filename="$data/shared/wheels/tires/continental/contiCrossTracHS3/385_65R22_5.xml" isLeft="true" hasTireTracks="true" hasParticles="true" >
                        <physics tipOcclusionAreaGroupId="1" restLoad="1.3" repr="0>8|0" forcePointRatio="0.5" initialCompression="17" suspTravel="0.13" spring="60" damper="50" />
						<innerRim filename="wheels/rimsMetaltech.i3d" node="0|0" widthAndDiam="45 44" offset="-0.055"/>
                    </wheel>
					<wheel filename="$data/shared/wheels/tires/continental/contiCrossTracHS3/385_65R22_5.xml" isLeft="false" hasTireTracks="true" hasParticles="true" >
                        <physics tipOcclusionAreaGroupId="1" restLoad="1.3" repr="0>9|0" forcePointRatio="0.5" initialCompression="17" suspTravel="0.13" spring="60" damper="50" />
						<innerRim filename="wheels/rimsMetaltech.i3d" node="0|1" widthAndDiam="45 44" offset="-0.055"/>
                    </wheel>
					<wheel filename="$data/shared/wheels/tires/continental/contiCrossTracHS3/385_65R22_5.xml" isLeft="true" hasTireTracks="true" hasParticles="true" >
                        <physics tipOcclusionAreaGroupId="1" restLoad="1.3" repr="0>10|0" forcePointRatio="0.5" initialCompression="17" suspTravel="0.13" spring="60" damper="50" />
						<innerRim filename="wheels/rimsMetaltech.i3d" node="0|0" widthAndDiam="45 44" offset="-0.055"/>
                    </wheel>
					<wheel filename="$data/shared/wheels/tires/continental/contiCrossTracHS3/385_65R22_5.xml" isLeft="false" hasTireTracks="true" hasParticles="true" >
                        <physics tipOcclusionAreaGroupId="1" restLoad="1.3" repr="0>11|0" forcePointRatio="0.5" initialCompression="17" suspTravel="0.13" spring="60" damper="50" />
						<innerRim filename="wheels/rimsMetaltech.i3d" node="0|1" widthAndDiam="45 44" offset="-0.055"/>
                    </wheel>
                </wheels>				
            </wheelConfiguration>
			<wheelConfiguration name="$l10n_configuration_valueWheelBroad" price="1200" brand="TRELLEBORG">
                <wheels>
                    <wheel filename="$data/shared/wheels/tires/trelleborg/T404/500_45R22_5.xml" isLeft="true" hasTireTracks="true" hasParticles="true" >
                        <physics tipOcclusionAreaGroupId="1" restLoad="1.3" repr="0>0|0"  forcePointRatio="0.5" initialCompression="17" suspTravel="0.13" spring="60" damper="50" />
						<wheelChock parkingNode="0>2|5|0" />
                        <wheelChock parkingNode="0>2|5|1" isInverted="true" />
						<innerRim filename="wheels/rimsMetaltech.i3d" node="0|0" widthAndDiam="45 44" offset="-0.055"/>
					</wheel>
                    <wheel filename="$data/shared/wheels/tires/trelleborg/T404/500_45R22_5.xml" isLeft="false" hasTireTracks="true" hasParticles="true" >
                        <physics tipOcclusionAreaGroupId="1" restLoad="1.3" repr="0>1|0" forcePointRatio="0.5" initialCompression="17" suspTravel="0.13" spring="60" damper="50" />
						<innerRim filename="wheels/rimsMetaltech.i3d" node="0|1" widthAndDiam="45 44" offset="-0.055"/>
                    </wheel>
					<wheel filename="$data/shared/wheels/tires/trelleborg/T404/500_45R22_5.xml" isLeft="true" hasTireTracks="true" hasParticles="true" >
                        <physics tipOcclusionAreaGroupId="1" restLoad="1.3" repr="0>8|0" forcePointRatio="0.5" initialCompression="17" suspTravel="0.13" spring="60" damper="50" />
						<innerRim filename="wheels/rimsMetaltech.i3d" node="0|0" widthAndDiam="45 44" offset="-0.055"/>
                    </wheel>
					<wheel filename="$data/shared/wheels/tires/trelleborg/T404/500_45R22_5.xml" isLeft="false" hasTireTracks="true" hasParticles="true" >
                        <physics tipOcclusionAreaGroupId="1" restLoad="1.3" repr="0>9|0" forcePointRatio="0.5" initialCompression="17" suspTravel="0.13" spring="60" damper="50" />
						<innerRim filename="wheels/rimsMetaltech.i3d" node="0|1" widthAndDiam="45 44" offset="-0.055"/>
                    </wheel>
					<wheel filename="$data/shared/wheels/tires/trelleborg/T404/500_45R22_5.xml" isLeft="true" hasTireTracks="true" hasParticles="true" >
                        <physics tipOcclusionAreaGroupId="1" restLoad="1.3" repr="0>10|0" forcePointRatio="0.5" initialCompression="17" suspTravel="0.13" spring="60" damper="50" />
						<innerRim filename="wheels/rimsMetaltech.i3d" node="0|0" widthAndDiam="45 44" offset="-0.055"/>
                    </wheel>
					<wheel filename="$data/shared/wheels/tires/trelleborg/T404/500_45R22_5.xml" isLeft="false" hasTireTracks="true" hasParticles="true" >
                        <physics tipOcclusionAreaGroupId="1" restLoad="1.3" repr="0>11|0" forcePointRatio="0.5" initialCompression="17" suspTravel="0.13" spring="60" damper="50" />
						<innerRim filename="wheels/rimsMetaltech.i3d" node="0|1" widthAndDiam="45 44" offset="-0.055"/>
                    </wheel>
                </wheels>					
            </wheelConfiguration>
			<wheelConfiguration name="$l10n_configuration_valueWheelBroad" price="1200" brand="BKT">
                <wheels>
                    <wheel filename="$data/shared/wheels/tires/bkt/ridemaxFL693M/500_45R22_5.xml" isLeft="true" hasTireTracks="true" hasParticles="true" >
                        <physics tipOcclusionAreaGroupId="1" restLoad="1.3" repr="0>0|0"  forcePointRatio="0.5" initialCompression="17" suspTravel="0.13" spring="60" damper="50" />
						<wheelChock parkingNode="0>2|5|0" />
                        <wheelChock parkingNode="0>2|5|1" isInverted="true" />
						<innerRim filename="wheels/rimsMetaltech.i3d" node="0|0" widthAndDiam="45 44" offset="-0.055"/>
					</wheel>
                    <wheel filename="$data/shared/wheels/tires/bkt/ridemaxFL693M/500_45R22_5.xml" isLeft="false" hasTireTracks="true" hasParticles="true" >
                        <physics tipOcclusionAreaGroupId="1" restLoad="1.3" repr="0>1|0" forcePointRatio="0.5" initialCompression="17" suspTravel="0.13" spring="60" damper="50" />
						<innerRim filename="wheels/rimsMetaltech.i3d" node="0|1" widthAndDiam="45 44" offset="-0.055"/>
                    </wheel>
					<wheel filename="$data/shared/wheels/tires/bkt/ridemaxFL693M/500_45R22_5.xml" isLeft="true" hasTireTracks="true" hasParticles="true" >
                        <physics tipOcclusionAreaGroupId="1" restLoad="1.3" repr="0>8|0" forcePointRatio="0.5" initialCompression="17" suspTravel="0.13" spring="60" damper="50" />
						<innerRim filename="wheels/rimsMetaltech.i3d" node="0|0" widthAndDiam="45 44" offset="-0.055"/>
                    </wheel>
					<wheel filename="$data/shared/wheels/tires/bkt/ridemaxFL693M/500_45R22_5.xml" isLeft="false" hasTireTracks="true" hasParticles="true" >
                        <physics tipOcclusionAreaGroupId="1" restLoad="1.3" repr="0>9|0" forcePointRatio="0.5" initialCompression="17" suspTravel="0.13" spring="60" damper="50" />
						<innerRim filename="wheels/rimsMetaltech.i3d" node="0|1" widthAndDiam="45 44" offset="-0.055"/>
                    </wheel>
					<wheel filename="$data/shared/wheels/tires/bkt/ridemaxFL693M/500_45R22_5.xml" isLeft="true" hasTireTracks="true" hasParticles="true" >
                        <physics tipOcclusionAreaGroupId="1" restLoad="1.3" repr="0>10|0" forcePointRatio="0.5" initialCompression="17" suspTravel="0.13" spring="60" damper="50" />
						<innerRim filename="wheels/rimsMetaltech.i3d" node="0|0" widthAndDiam="45 44" offset="-0.055"/>
                    </wheel>
					<wheel filename="$data/shared/wheels/tires/bkt/ridemaxFL693M/500_45R22_5.xml" isLeft="false" hasTireTracks="true" hasParticles="true" >
                        <physics tipOcclusionAreaGroupId="1" restLoad="1.3" repr="0>11|0" forcePointRatio="0.5" initialCompression="17" suspTravel="0.13" spring="60" damper="50" />
						<innerRim filename="wheels/rimsMetaltech.i3d" node="0|1" widthAndDiam="45 44" offset="-0.055"/>
                    </wheel>
                </wheels>			
            </wheelConfiguration>
			<wheelConfiguration name="$l10n_configuration_valueWheelBroad" price="1200" brand="VREDESTEIN">
                <wheels>
                    <wheel filename="$data/shared/wheels/tires/vredestein/flotationTrac/500_45R22_5.xml" isLeft="true" hasTireTracks="true" hasParticles="true" >
                        <physics tipOcclusionAreaGroupId="1" restLoad="1.3" repr="0>0|0"  forcePointRatio="0.5" initialCompression="17" suspTravel="0.13" spring="60" damper="50" />
						<wheelChock parkingNode="0>2|5|0" />
                        <wheelChock parkingNode="0>2|5|1" isInverted="true" />
						<innerRim filename="wheels/rimsMetaltech.i3d" node="0|0" widthAndDiam="45 44" offset="-0.055"/>
					</wheel>
                    <wheel filename="$data/shared/wheels/tires/vredestein/flotationTrac/500_45R22_5.xml" isLeft="false" hasTireTracks="true" hasParticles="true" >
                        <physics tipOcclusionAreaGroupId="1" restLoad="1.3" repr="0>1|0" forcePointRatio="0.5" initialCompression="17" suspTravel="0.13" spring="60" damper="50" />
						<innerRim filename="wheels/rimsMetaltech.i3d" node="0|1" widthAndDiam="45 44" offset="-0.055"/>
                    </wheel>
					<wheel filename="$data/shared/wheels/tires/vredestein/flotationTrac/500_45R22_5.xml" isLeft="true" hasTireTracks="true" hasParticles="true" >
                        <physics tipOcclusionAreaGroupId="1" restLoad="1.3" repr="0>8|0" forcePointRatio="0.5" initialCompression="17" suspTravel="0.13" spring="60" damper="50" />
						<innerRim filename="wheels/rimsMetaltech.i3d" node="0|0" widthAndDiam="45 44" offset="-0.055"/>
                    </wheel>
					<wheel filename="$data/shared/wheels/tires/vredestein/flotationTrac/500_45R22_5.xml" isLeft="false" hasTireTracks="true" hasParticles="true" >
                        <physics tipOcclusionAreaGroupId="1" restLoad="1.3" repr="0>9|0" forcePointRatio="0.5" initialCompression="17" suspTravel="0.13" spring="60" damper="50" />
						<innerRim filename="wheels/rimsMetaltech.i3d" node="0|1" widthAndDiam="45 44" offset="-0.055"/>
                    </wheel>
					<wheel filename="$data/shared/wheels/tires/vredestein/flotationTrac/500_45R22_5.xml" isLeft="true" hasTireTracks="true" hasParticles="true" >
                        <physics tipOcclusionAreaGroupId="1" restLoad="1.3" repr="0>10|0" forcePointRatio="0.5" initialCompression="17" suspTravel="0.13" spring="60" damper="50" />
						<innerRim filename="wheels/rimsMetaltech.i3d" node="0|0" widthAndDiam="45 44" offset="-0.055"/>
                    </wheel>
					<wheel filename="$data/shared/wheels/tires/vredestein/flotationTrac/500_45R22_5.xml" isLeft="false" hasTireTracks="true" hasParticles="true" >
                        <physics tipOcclusionAreaGroupId="1" restLoad="1.3" repr="0>11|0" forcePointRatio="0.5" initialCompression="17" suspTravel="0.13" spring="60" damper="50" />
						<innerRim filename="wheels/rimsMetaltech.i3d" node="0|1" widthAndDiam="45 44" offset="-0.055"/>
                    </wheel>
                </wheels>				
            </wheelConfiguration>
        </wheelConfigurations>
		
		<rimColor material="18">SHARED_WHITE1</rimColor>

        <hubs>
            <color0>METALTECH_RED</color0>
            <color1>SHARED_GREY1</color1>
            <hub linkNode="0>0|0"  filename="$data/shared/wheels/hubs/hub_n10_5.xml" isLeft="true"  scale="0.25 0.335 0.335" />
            <hub linkNode="0>1|0" filename="$data/shared/wheels/hubs/hub_n10_5.xml" isLeft="false" scale="0.25 0.335 0.335" />
			<hub linkNode="0>8|0"  filename="$data/shared/wheels/hubs/hub_n10_5.xml" isLeft="true"  scale="0.25 0.335 0.335" />
            <hub linkNode="0>9|0" filename="$data/shared/wheels/hubs/hub_n10_5.xml" isLeft="false" scale="0.25 0.335 0.335" />
			<hub linkNode="0>10|0"  filename="$data/shared/wheels/hubs/hub_n10_5.xml" isLeft="true"  scale="0.25 0.335 0.335" />
            <hub linkNode="0>11|0" filename="$data/shared/wheels/hubs/hub_n10_5.xml" isLeft="false" scale="0.25 0.335 0.335" />
        </hubs>
    </wheels>

	<attachable>
        <inputAttacherJoints>
            <inputAttacherJoint node="0>5" jointType="trailerLow" attacherHeight="0.65"/>
        </inputAttacherJoints>
        <brakeForce force="0.1" maxForce="0.9" maxForceMass="20000"/>
        <support animationName="moveSupport" detachAnimationTime="1" delayedOnAttach="false"/>
    </attachable>

    <attacherJoints>
        <attacherJoint node="0>4" jointType="trailer" lowerRotLimit="10 70 70" upperRotationOffset="0" allowsJointLimitMovement="false" canTurnOnImplement="false" >
            <schema position="1 0" rotation="0" invertX="false" />
        </attacherJoint>
        <sounds>
            <attach template="ATTACH_01" linkNode="0>" />
        </sounds>
    </attacherJoints>
	
	<dynamicallyLoadedParts>
        <dynamicallyLoadedPart node="0" linkNode="0>2|5|2" filename="$data/shared/assets/wheelChocks/wheelChockSupport01.i3d"/>
        <dynamicallyLoadedPart node="0" linkNode="0>2|5|3" filename="$data/shared/assets/wheelChocks/wheelChockSupport01.i3d"/>
		<dynamicallyLoadedPart node="1|3" linkNode="0>6|0|0|0"  filename="$data/shared/connectionHoses/connectors.i3d" />
		<dynamicallyLoadedPart node="1|2" linkNode="0>6|1|0|0"  filename="$data/shared/connectionHoses/connectors.i3d" />
		<dynamicallyLoadedPart node="1|0" linkNode="0>6|3|0|0"  filename="$data/shared/connectionHoses/connectors.i3d" />
		<dynamicallyLoadedPart node="1|0" linkNode="0>6|4|0|0"  filename="$data/shared/connectionHoses/connectors.i3d" />
		<dynamicallyLoadedPart node="1|1" linkNode="0>6|2|0|0"  filename="$data/shared/connectionHoses/connectors.i3d" />
    </dynamicallyLoadedParts>
	
	<connectionHoses>
        <hose inputAttacherJointIndices="1" type="airDoubleRed" node="0>6|0" length="1.0" diameter="0.02" minDeltaY="-0.05">
			<objectChange node="0>6|0|0" visibilityActive="false" visibilityInactive="true"/>
        </hose>
        <hose inputAttacherJointIndices="1" type="airDoubleYellow" node="0>6|1" length="1.0" diameter="0.02" minDeltaY="-0.05">
			<objectChange node="0>6|1|0" visibilityActive="false" visibilityInactive="true"/>
        </hose>
        <hose inputAttacherJointIndices="1" type="hydraulicIn" node="0>6|3" length="1.0" diameter="0.02" straighteningFactor="0.5">
			<objectChange node="0>6|3|0" visibilityActive="false" visibilityInactive="true"/>
        </hose>
        <hose inputAttacherJointIndices="1" type="hydraulicOut" node="0>6|4" length="1.02" diameter="0.02" straighteningFactor="0.5">
			<objectChange node="0>6|4|0" visibilityActive="false" visibilityInactive="true"/>
        </hose>
        <hose inputAttacherJointIndices="1" type="electric" node="0>6|2" length="1.0" diameter="0.01" straighteningFactor="1.5">
			<objectChange node="0>6|2|0" visibilityActive="false" visibilityInactive="true"/>
        </hose>
		<target attacherJointIndices="1 2 3" type="airDoubleRed" node="0>2|6|2" socket="air_red"/>
        <target attacherJointIndices="1 2 3" type="airDoubleYellow" node="0>2|6|1" socket="air_yellow"/>
        <target attacherJointIndices="1 2 3" type="electric" node="0>2|6|0" socket="electric"/>
        <target attacherJointIndices="1 2 3" type="hydraulicIn" node="0>2|6|3" socket="hydraulic04"/>
		<localHose>
            <hose type="TOOL_CONNECTOR_BOTTOM_02"  node="0>2|6|6|0"  length="0.01" diameter="0.016" minCenterPointAngle="90" straighteningFactor="0.1" isWorldSpaceHose="false" color="0.010 0.010 0.010 5"/>
            <target type="TOOL_CONNECTOR_BOTTOM_02" node="0>2|6|6|1" straighteningFactor="0.1"/>
        </localHose>
		<localHose>
            <hose type="TOOL_CONNECTOR_BOTTOM_02"  node="0>2|6|6|2"  length="0.01" diameter="0.016" minCenterPointAngle="90" straighteningFactor="0.1" isWorldSpaceHose="false" color="0.010 0.010 0.010 5"/>
            <target type="TOOL_CONNECTOR_BOTTOM_02" node="0>2|0|2" straighteningFactor="0.1"/>
        </localHose>
		<localHose>
            <hose type="TOOL_CONNECTOR_BOTTOM_02"  node="0>2|6|6|3"  length="0.01" diameter="0.016" minCenterPointAngle="90" straighteningFactor="0.1" isWorldSpaceHose="false" color="0.010 0.010 0.010 5"/>
            <target type="TOOL_CONNECTOR_BOTTOM_02" node="0>12|1" straighteningFactor="0.1"/>
        </localHose>
    </connectionHoses>
	
	<licensePlates>
        <licensePlate node="0>2|6|5" position="BACK" preferedType="SQUARISH" placementArea="0.12 0.12 0.1 0.13"/>
    </licensePlates>
	
	<lights>
        <sharedLight linkNode="0>2|3|0|1"        		  filename="$data/shared/assets/lights/lizard/rearLight11_left.xml" />
        <sharedLight linkNode="0>2|3|0|0"       		  filename="$data/shared/assets/lights/lizard/rearLight11_right.xml" />
		<sharedLight linkNode="0>2|3|0|2"                 filename="$data/shared/assets/lights/lizard/sideMarker05White.xml" />
		<sharedLight linkNode="0>2|3|0|3"                 filename="$data/shared/assets/lights/lizard/sideMarker05White.xml" />
		<sharedLight linkNode="0>2|3|0|4"                 filename="$data/shared/assets/reflectors/lizard/yellowRectangle_01.xml" />
		<sharedLight linkNode="0>2|3|0|5"                 filename="$data/shared/assets/reflectors/lizard/yellowRectangle_01.xml" />
		<sharedLight linkNode="0>2|3|0|6"                 filename="$data/shared/assets/lights/lizard/sideMarker04_left.xml" />
		<sharedLight linkNode="0>2|3|0|7"                 filename="$data/shared/assets/lights/lizard/sideMarker04_right.xml" />
		<sharedLight linkNode="0>2|3|0|8"       		  filename="$data/shared/assets/reflectors/lizard/redTriangle_01.xml" />
		<sharedLight linkNode="0>2|3|0|9"       		  filename="$data/shared/assets/reflectors/lizard/redTriangle_01.xml" />
		<sharedLight linkNode="0>3|0|0|2|0|6"       	  filename="$data/shared/assets/reflectors/lizard/bigTriangle.xml" />
		<sharedLight linkNode="0>2|3|0|10"                filename="$data/shared/assets/lights/lizard/plateNumberLight02.xml" />
        <realLights>
            <high>
			    <light node="0>2|3|1" lightTypes="0" />
				<light node="0>2|3|4" lightTypes="0"/>
                <turnLightLeft node="0>2|3|2" />
                <turnLightRight node="0>2|3|3" />
                <brakeLight node="0>2|3|1" />
            </high>
        </realLights>
    </lights>
	
	<fillUnit>
        <fillUnitConfigurations>
            <fillUnitConfiguration>
                <fillUnits>
                    <fillUnit shopDisplayUnit="CUBICMETER" fillTypeCategories="BULK" capacity="26000" allowAILoading="true">
                        <exactFillRootNode node="0>3|0|0|6" />
                        <autoAimTargetNode node="0>3|0|0|7" startZ="5.4" endZ="0.4" invert="false" startPercentage="25"/>
                    </fillUnit>
                </fillUnits>
            </fillUnitConfiguration>
        </fillUnitConfigurations>
    </fillUnit>
	
	<fillVolume>
        <fillVolumeConfigurations>
			<fillVolumeConfiguration>
                <volumes>
					<volume node="0>3|0|0|4|0" maxDelta="0.23" maxAllowedHeapAngle="15" fillUnitIndex="1" />
                </volumes>
            </fillVolumeConfiguration>
        </fillVolumeConfigurations>

        <unloadInfos>
            <unloadInfo>
                <node node="0>3|0|0|4|2|0" width="1.0" length="1.7" />
            </unloadInfo>
            <unloadInfo>
                <node node="0>3|0|0|4|2|1" width="1.0" length="2.9" />
            </unloadInfo>
            <unloadInfo>
                <node node="0>3|0|0|4|2|2" width="1.0" length="2.9" />
            </unloadInfo>
        </unloadInfos>
    </fillVolume>
	
    <trailer>
        <trailerConfigurations>
			<trailerConfiguration>
                <trailer>
                    <tipSide name="$l10n_info_tipSideBack" dischargeNodeIndex="1" >
                        <animation name="tipAnimationBack" speedScale="1.0" startTipTime="0.22" />
                    </tipSide>
                    <tipSide name="$l10n_info_tipSideLeft" dischargeNodeIndex="2">
                        <animation name="tipAnimationLeft" speedScale="0.8" startTipTime="0.2" />
                    </tipSide>
                    <tipSide name="$l10n_info_tipSideRight" dischargeNodeIndex="3">
                        <animation name="tipAnimationRight" speedScale="0.8" startTipTime="0.2" />
                    </tipSide>
                    <tipSide name="$l10n_info_tipSideBackGrainDoor" dischargeNodeIndex="4">
                        <animation name="tipAnimationBackGrainDoor" speedScale="1.0" startTipTime="0.1" />
                        <doorAnimation name="tipAnimationBackGrainDoor" speedScale="1.0" />
                    </tipSide>
                </trailer>
            </trailerConfiguration>
        </trailerConfigurations>
    </trailer>
	
    <dischargeable>
        <dischargeNode node="0>7|0" emptySpeed="1820" fillUnitIndex="1" unloadInfoIndex="1" allowAIDischarge="true" >
            <info width="2.4" length="0.5" zOffset="0.5"/>
            <effects>
                <effectNode effectClass="TipEffect">
                    <effectNode effectNode="0>3|0|0|12|0|1|0" effectClass="ParticleEffect" materialType="unloadingParticle" emitCountScale="3" />
                    <effectNode effectNode="0>3|0|0|12|0|0|0" materialType="unloading" materialTypeId="1" fadeTime="0.5" extraDistanceNode="0>7|0" extraDistance="0.2"/>
                </effectNode>
                <effectNode effectNode="0>3|0|0|12|0|0|1" materialType="unloadingSmoke" materialTypeId="1" fadeTime="0.5" />
            </effects>
        </dischargeNode>
        <dischargeNode node="0>7|1" emptySpeed="1820"  fillUnitIndex="1" unloadInfoIndex="2" >
            <info width="5" length="0.5" />
            <effects>
                <effectNode effectClass="TipEffect">
                    <effectNode effectNode="0>3|0|0|12|2|1|0" effectClass="ParticleEffect" materialType="unloadingParticle" emitCountScale="3" />
                    <effectNode effectNode="0>3|0|0|12|2|0|0" materialType="unloading" materialTypeId="1" fadeTime="0.5" extraDistanceNode="0>7|1" extraDistance="0.2"/>
                </effectNode>
                <effectNode effectNode="0>3|0|0|12|2|0|1" materialType="unloadingSmoke"     materialTypeId="1" fadeTime="0.5" />
            </effects>
        </dischargeNode>
        <dischargeNode node="0>7|2" emptySpeed="1820"  fillUnitIndex="1" unloadInfoIndex="3" >
            <info width="5" length="0.5" />
            <effects>
                <effectNode effectClass="TipEffect">
                    <effectNode effectNode="0>3|0|0|12|3|1|0" effectClass="ParticleEffect" materialType="unloadingParticle" emitCountScale="3" />
                    <effectNode effectNode="0>3|0|0|12|3|0|0" materialType="unloading" materialTypeId="1" fadeTime="0.5" extraDistanceNode="0>7|2" extraDistance="0.2"/>
                </effectNode>
                <effectNode effectNode="0>3|0|0|12|3|0|1" materialType="unloadingSmoke"     materialTypeId="1" fadeTime="0.5" />
            </effects>
        </dischargeNode>
        <dischargeNode node="0>7|3" emptySpeed="637"  fillUnitIndex="1" unloadInfoIndex="1" >
            <info width="0.5" length="0.5" zOffset="0.5"/>
            <effects>
                <effectNode effectClass="TipEffect">
                    <effectNode effectNode="0>3|0|0|12|1|1|0" effectClass="ParticleEffect" materialType="unloadingParticle" emitCountScale="3" />
                    <effectNode effectNode="0>3|0|0|12|1|0|0" materialType="unloading" materialTypeId="1" fadeTime="0.5" extraDistanceNode="0>7|3" extraDistance="0.2"/>
                </effectNode>
                <effectNode effectNode="0>3|0|0|12|1|0|1" materialType="unloadingSmoke"     materialTypeId="1" fadeTime="0.5" />
            </effects>
        </dischargeNode>
    </dischargeable>
	
    <cylindered>
		<movingTools>
			<movingTool node="0>3" playSound="true" >
				<dependentPart node="0>2|0" />
			</movingTool>
			<movingTool node="0>3|0" playSound="true" >
				<dependentPart node="0>2|0" />
			</movingTool>
			<movingTool node="0>3|0|0" playSound="true" >
				<dependentPart node="0>2|0" />
			</movingTool>

			<!-- door left handle -->
			<movingTool node="0>3|0|0|0|1|0">
				<dependentPart node="0>3|0|0|0|1|1" />
			</movingTool>
			<!-- door right handle -->
			<movingTool node="0>3|0|0|1|1|0">
				<dependentPart node="0>3|0|0|1|1|1" />
			</movingTool>
			<!-- door right handle -->
			<movingTool node="0>3|0|0|2|1|1">
				<dependentPart node="0>3|0|0|2|1|0" />
			</movingTool>
			<!-- door grain handle -->
			<movingTool node="0>3|0|0|2|0|0|0" >
				<dependentPart node="0>3|0|0|2|0|0|1" />
			</movingTool>
			<movingTool node="0>13">
				<dependentPart node="0>12"/>
			</movingTool>
		</movingTools>

        <movingParts>
			<movingPart node="0>2|0" referencePoint="0>3|0|0|3" referenceFrame="0>2|1" limitedAxis="3" >
				<dependentPart node="0>2|0|0" />
			</movingPart>
			<movingPart node="0>2|0|0" referencePoint="0>3|0|0|3" referenceFrame="0>2|1" limitedAxis="1" divideTranslatingDistance="false" >
				<translatingPart node="0>2|0|0|0" maxZTrans="0.575" />
				<translatingPart node="0>2|0|0|0|0" maxZTrans="0.475" />
				<translatingPart node="0>2|0|0|0|0|0" maxZTrans="0.4" />
				<translatingPart node="0>2|0|0|0|0|0|0" maxZTrans="0.36" />
				<translatingPart node="0>2|0|0|0|0|0|0|0" maxZTrans="0.3" />
			</movingPart>

			<!-- door left handle -->
			<movingPart node="0>3|0|0|0|1|1" referencePoint="0>3|0|0|0|1|0|0" localReferencePoint="0>3|0|0|0|1|1|0" referenceFrame="0>3|0|0|0|1|0|0" >
				<dependentPart node="0>3|0|0|0|1|1|0" />
			</movingPart>
			<movingPart node="0>3|0|0|0|1|1|0" referencePoint="0>3|0|0|0|1|0|0" referenceFrame="0>" />
			<!-- door right handle -->
			<movingPart node="0>3|0|0|1|1|1" referencePoint="0>3|0|0|1|1|0|0" localReferencePoint="0>3|0|0|1|1|1|0" referenceFrame="0>3|0|0|1|1|0|0" >
				<dependentPart node="0>3|0|0|1|1|1|0" />
			</movingPart>
			<movingPart node="0>3|0|0|1|1|1|0" referencePoint="0>3|0|0|1|1|0|0" referenceFrame="0>" />
			<!-- door back handle -->
			<movingPart node="0>3|0|0|2|1|0" referencePoint="0>3|0|0|2|1|1|0" localReferencePoint="0>3|0|0|2|1|0|0" referenceFrame="0>3|0|0|2|1|2" limitedAxis="1" >
				<dependentPart node="0>3|0|0|2|1|0|0" />
				<!--dependentPart node="0>3|0|0|2|1|0|0|0" /-->
			</movingPart>
			<movingPart node="0>3|0|0|2|1|0|0" referencePoint="0>3|0|0|2|1|1|0" referenceFrame="0>" limitedAxis="1" >
				<dependentPart node="0>3|0|0|2|1|0|0|0" />
			</movingPart>
			<movingPart node="0>3|0|0|2|1|0|0|0" referencePoint="0>3|0|0|2|1|1|0" referenceFrame="0>" limitedAxis="2" />
			<!-- door grain -->
			<movingPart node="0>3|0|0|2|0|0|1" referencePoint="0>3|0|0|2|0|0|0|0" localReferencePoint="0>3|0|0|2|0|0|1|0" referenceFrame="0>" >
				<dependentPart node="0>3|0|0|2|0|0|1|0" />
			</movingPart>
			<movingPart node="0>3|0|0|2|0|0|1|0" referencePoint="0>3|0|0|2|0|0|0|0" referenceFrame="0>3|0|0|2|0|0|0|0" />
			<movingPart node="0>12" referencePoint="0>13|1" referenceFrame="0>13|1">
				<translatingPart node="0>12|0"/>
			</movingPart>
        </movingParts>

        <sounds>
            <actionSound template="hydraulicLayerTone" pitchScale="0.5" volumeScale="0.9" linkNode="0>2|0|0" actionNames="TRANSLATING_POS" nodes="0>2|0|0">
                <pitch dropOffFactor="1.1" dropOffTime="0.2" />
            </actionSound>
            <actionSound template="defaultHydraulicSound" pitchScale="0.4" volumeScale="0.8" linkNode="0>2|0|0" actionNames="TRANSLATING_NEG" nodes="0>2|0|0"/>

            <actionSound template="cylinderPunch" pitchScale="0.7" linkNode="0>2|0|0" actionNames="TRANSLATING_END_NEG" nodes="0>2|0|0|0"/>
            <actionSound template="cylinderPunch" pitchScale="0.7" linkNode="0>2|0|0" actionNames="TRANSLATING_END_NEG" nodes="0>2|0|0|0|0"/>
            <actionSound template="cylinderPunch" pitchScale="0.7" linkNode="0>2|0|0" actionNames="TRANSLATING_END_NEG" nodes="0>2|0|0|0|0|0"/>
            <actionSound template="cylinderPunch" pitchScale="0.7" linkNode="0>2|0|0" actionNames="TRANSLATING_END_NEG" nodes="0>2|0|0|0|0|0|0"/>
            <actionSound template="cylinderPunch" pitchScale="0.7" linkNode="0>2|0|0" actionNames="TRANSLATING_END_NEG" nodes="0>2|0|0|0|0|0|0|0"/>
        </sounds>
    </cylindered>

	<cover>
        <coverConfigurations>
            <coverConfiguration name="$l10n_configuration_valueYes" price="2500" openCoverWhileTipping="true">
                <cover openAnimation="toggleCover" fillUnitIndices="1" />
				<objectChange node="0>3|0|0|5" visibilityActive="true" />
				<objectChange node="0>3|0|0|0|0|2" visibilityActive="true" />
                <objectChange node="0>3|0|0|2|0|5" visibilityActive="true" />
                <objectChange node="0>3|0|0|13" visibilityActive="true" />
				<objectChange node="0>3|0|0|11" visibilityActive="true" />
				<objectChange node="0>3|0|0|1|0|3" visibilityActive="true"/>
            </coverConfiguration>
			<coverConfiguration name="$l10n_configuration_valueNo" price="0">
                <objectChange node="0>3|0|0|5" visibilityActive="false" />
                <objectChange node="0>3|0|0|0|0|2" visibilityActive="false" />
                <objectChange node="0>3|0|0|2|0|5" visibilityActive="false" />
                <objectChange node="0>3|0|0|13" visibilityActive="false" />
				<objectChange node="0>3|0|0|11" visibilityActive="false" />
				<objectChange node="0>3|0|0|1|0|3" visibilityActive="false" />
            </coverConfiguration>
        </coverConfigurations>
    </cover>
	
	<animations>
        <animation name="tipAnimationBack">
            <part node="0>3|0|0|2|1|1"    startTime="0.0" endTime="0.2" startRot="0 0 0" endRot="0 -100 0" />
            <part node="0>3|0|0"          startTime="0.8" endTime="8"   startRot="0 0 0" endRot="-40 0 0" />
            <part node="0>3|0|0|2|0"      startTime="0.8" duration="0.7" startRot="0 0 0" endRot="15 0 0" />
            <part node="0>3|0|0|2|0"      startTime="1.5" duration="6.5" startRot="15 0 0" endRot="40 0 0" />
			<part node="0>3|0|0|12|0|0" startTime="0.8" endTime="8" startRot="0 0 0" endRot="35 0 0" />
			
			<sound template="metalLowVar2"  startTime="0.15"  direction="-1" volumeScale="2.2" pitchScale="1.2"/>
            <sound template="metalClose"    startTime="0.15"  direction="-1" volumeScale="1.2" pitchScale="0.8"/>
            <sound template="metalLowVar2"  startTime="7.99" direction="1"  volumeScale="2.5" pitchScale="1.2"/>
            <sound template="metalClose"    startTime="7.99" direction="1"  volumeScale="1.2" pitchScale="0.7"/>
            <sound template="thudVar2"      startTime="7.99"  direction="-1" volumeScale="1.4" pitchScale="0.7"/>
            <sound template="clackVar6"     startTime="7.99" direction="-1" volumeScale="0.7" pitchScale="0.3"/>
            <sound template="latchSmall"    startTime="0.01"  direction="0"  volumeScale="0.2" pitchScale="0.9"/>
            <sound template="clackVar2"     startTime="0.01"  direction="0"  volumeScale="1"   pitchScale="1.7"/>
            <sound template="metalOpen"     startTime="1.0"   direction="1"  volumeScale="2.5" pitchScale="0.7"/>
            <sound template="metalClose"    startTime="0.01"  direction="-1" volumeScale="1.5" pitchScale="0.7"/>
            <sound template="hingeMedium"   startTime="1.0"   direction="1"  volumeScale="1.4" pitchScale="0.8"/>
            <sound template="cylinderPunch" startTime="0.01"  direction="0"/>
            <sound template="cylinderPunch" startTime="7.99" direction="1"/>
        </animation>
        <animation name="tipAnimationLeft">
            <part node="0>3|0|0|0|1|0"  startTime="0.0" endTime="0.2" startRot="0 0 0" endRot="0 0 -90" />
            <part node="0>3"            startTime="0.8" endTime="8"   startRot="0 0 0" endRot="0 0 -40" />
            <part node="0>3|0|0|0|0"    startTime="0.8" endTime="2"   startRot="0 0 0" endRot="0 0 20" />
            <part node="0>3|0|0|0|0"    startTime="2" endTime="8"   startRot="0 0 20" endRot="0 0 40" />
			<part node="0>3|0|0|12|2|0" startTime="0.8" endTime="8" startRot="0 -90 0" endRot="60 -90 0" />
			
			<sound template="metalLowVar2"  startTime="0.15"  direction="-1" volumeScale="2.2" pitchScale="1.2"/>
            <sound template="metalClose"    startTime="0.15"  direction="-1" volumeScale="1.2" pitchScale="0.8"/>
            <sound template="clackVar6"     startTime="0.45"  direction="1"  volumeScale="1"   pitchScale="0.6"/>
            <sound template="cylinderPunch" startTime="0.45"  direction="1"  volumeScale="0.8" pitchScale="0.6"/>
            <sound template="metalLowVar2"  startTime="7.99" direction="0"  volumeScale="2.5" pitchScale="1.2"/>
            <sound template="metalClose"    startTime="7.99" direction="1"  volumeScale="1.2" pitchScale="0.7"/>
            <sound template="metalClose"    startTime="7.99" direction="-1" volumeScale="2"   pitchScale="0.6"/>
            <sound template="latchSmall"    startTime="0.01"  direction="-1" volumeScale="0.2" pitchScale="0.9"/>
            <sound template="clackVar2"     startTime="0.01"  direction="-1" volumeScale="1"   pitchScale="1.7"/>
            <sound template="metalOpen"     startTime="1.0"   direction="1"  volumeScale="2.5" pitchScale="0.7"/>
            <sound template="metalClose"    startTime="0.01"  direction="-1" volumeScale="1.5" pitchScale="0.7"/>
            <sound template="hingeMedium"   startTime="1.0"   direction="1"  volumeScale="1.4" pitchScale="0.8"/>
            <sound template="cylinderPunch" startTime="0.01"  direction="-1"/>
            <sound template="cylinderPunch" startTime="7.99" direction="0"/>
        </animation>
        <animation name="tipAnimationRight">
            <part node="0>3|0|0|1|1|0"  startTime="0.0" endTime="0.2" startRot="0 0 0" endRot="0 0 90" />
            <part node="0>3|0"          startTime="0.8" endTime="8"   startRot="0 0 0" endRot="0 0 40" />
            <part node="0>3|0|0|1|0"    startTime="0.8" endTime="2"   startRot="0 0 0" endRot="0 0 -20" />
            <part node="0>3|0|0|1|0"    startTime="2" endTime="8"   startRot="0 0 -20" endRot="0 0 -40" />
			<part node="0>3|0|0|12|3|0" startTime="0.8" endTime="8" startRot="0 -90 0" endRot="60 -90 0" />
			
			<sound template="metalLowVar2"  startTime="0.1"  direction="-1" volumeScale="2.2" pitchScale="1.2"/>
            <sound template="metalClose"    startTime="0.1"  direction="-1" volumeScale="1.2" pitchScale="0.8"/>
            <sound template="clackVar6"     startTime="0.45"  direction="1"  volumeScale="1"   pitchScale="0.6"/>
            <sound template="cylinderPunch" startTime="0.45"  direction="1"  volumeScale="0.8" pitchScale="0.6"/>
            <sound template="metalLowVar2"  startTime="7.99" direction="0"  volumeScale="2.5" pitchScale="1.2"/>
            <sound template="metalClose"    startTime="7.99" direction="1"  volumeScale="1.2" pitchScale="0.7"/>
            <sound template="metalClose"    startTime="7.99" direction="-1" volumeScale="2"   pitchScale="0.6"/>
            <sound template="latchSmall"    startTime="0.01"  direction="-1" volumeScale="0.2" pitchScale="0.9"/>
            <sound template="clackVar2"     startTime="0.01"  direction="-1" volumeScale="1"   pitchScale="1.7"/>
            <sound template="metalOpen"     startTime="1.0"   direction="1"  volumeScale="2.5" pitchScale="0.7"/>
            <sound template="metalClose"    startTime="0.01"  direction="-1" volumeScale="1.5" pitchScale="0.7"/>
            <sound template="hingeMedium"   startTime="1.0"   direction="1"  volumeScale="1.4" pitchScale="0.8"/>
            <sound template="cylinderPunch" startTime="0.01"  direction="-1"/>
            <sound template="cylinderPunch" startTime="7.99" direction="0"/>
        </animation>
		<animation name="tipAnimationBackGrainDoor">
            <part node="0>3|0|0"         startTime="0.8" endTime="16"   startRot="0 0 0" endRot="-40 0 0" />
			<part node="0>3|0|0|2|0|0|0" startTime="0" endTime="1.5"  startTrans="0.004 1.631 -2.412" endTrans="0.004 1.85 -2.412" />
			<part node="0>3|0|0|12|1|0|2" startTime="0.8" endTime="8" startRot="0 0 0" endRot="60 0 0" />
			
			<sound template="metalLowVar2"  startTime="0.15"  direction="-1" volumeScale="2.2" pitchScale="1.2"/>
            <sound template="metalClose"    startTime="0.15"  direction="-1" volumeScale="1.2" pitchScale="0.8"/>
            <sound template="metalOpen"     startTime="0.15"  direction="1"  volumeScale="1.5" pitchScale="0.6"/>
            <sound template="clackVar6"     startTime="1.1"  direction="1"  volumeScale="0.6" pitchScale="0.6"/>
            <sound template="cylinderPunch" startTime="1.1"  direction="1"  volumeScale="1.1" pitchScale="0.9"/>
            <sound template="metalLowVar2"  startTime="15.99" direction="0"  volumeScale="2.5" pitchScale="1.2"/>
            <sound template="metalClose"    startTime="15.99" direction="1"  volumeScale="1.2" pitchScale="0.7"/>
            <sound template="metalClose"    startTime="15.99" direction="-1" volumeScale="2"   pitchScale="0.6"/>
            <sound template="cylinderPunch" startTime="0.01"  direction="0"/>
            <sound template="cylinderPunch" startTime="15.99" direction="0"/>
        </animation>
        <animation name="toggleCover">
            <part node="0>3|0|0|5|1" startTime="0"    endTime="0.05" visibility="true" />
            <part node="0>3|0|0|5|1" startTime="0.05" endTime="0.1"  visibility="false" />	
			<part node="0>3|0|0|5|2" startTime="0"    endTime="0.05" visibility="false" />
            <part node="0>3|0|0|5|2" startTime="0.05" endTime="0.1"  visibility="true" />
			<part node="0>3|0|0|1|0|3" startTime="0"    endTime="0.05" visibility="false" />
            <part node="0>3|0|0|1|0|3" startTime="0.05" endTime="0.1"  visibility="true" />
			
			<sound template="fabricCover2" startTime="0.01" direction="1"  volumeScale="1.4" pitchScale="1.5"/>
            <sound template="fabricCover1" startTime="0.05" direction="-1" volumeScale="1.4" pitchScale="1.8"/>
        </animation>
		<animation name="moveSupport">
            <part node="0>13" startTime="0" endTime="0.30" startRot="0 0 0" endRot="-38 0 0"/>
            <part node="0>13|0" startTime="0" endTime="0.30" startRot="0 0 0" endRot="38 0 0"/>
			
			<sound template="metalClose" startTime="0.01" direction="0" volumeScale="0.3" pitchScale="2.8" linkNode="0>13"/>
            <sound template="clackVar2"  startTime="0.1"  direction="0" volumeScale="1"   pitchScale="1.7" linkNode="0>13"/>
            <sound template="latchSmall" startTime="0.1"  direction="0" volumeScale="0.7" pitchScale="2.0" linkNode="0>13"/>
        </animation>
    </animations>
	
	<ai>
        <allowTurnBackward value="false"/>
        <turningRadiusLimitation radius="7"/>
        <agentAttachment jointNode="0>5" rotCenterWheelIndices="1 2 3 4" width="2.7" height="3.35" length="5.7" lengthOffset="0.6"/>
    </ai>

    <foliageBending>
        <bendingNode minX="-1.25" maxX="1.25" minZ="-4.5" maxZ="3.7" yOffset="0.6" />
    </foliageBending>
	
	<designConfigurations title="$l10n_configuration_designColor">
        <designConfiguration name="$l10n_configuration_valueDesign01" price="0">
            <material name="Metaltech_mat" shaderParameter="colorMat0" color="METALTECH_GREEN"/>
            <material name="Metaltech_mat" shaderParameter="colorMat1" color="METALTECH_RED"/>
            <material name="coverColor_mat" shaderParameter="colorMat0" color="METALTECH_GREEN"/>
            <material name="coverColor_mat" shaderParameter="colorMat4" color="METALTECH_GREEN_1"/>
			<material name="podest" shaderParameter="colorMat1" color="METALTECH_RED"/>
            <material name="_hubColor0" color="METALTECH_RED"/>
			<material name="attacher_mat" shaderParameter="colorMat0" color="METALTECH_RED"/>
        </designConfiguration>
		<designConfiguration name="$l10n_configuration_valueDesign02" price="800">
            <material name="Metaltech_mat" shaderParameter="colorMat0" color="METALTECH_GREEN"/>
            <material name="Metaltech_mat" shaderParameter="colorMat1" color="SHARED_BLACK1"/>
			<material name="coverColor_mat" shaderParameter="colorMat0" color="METALTECH_GREEN"/>
            <material name="coverColor_mat" shaderParameter="colorMat4" color="SHARED_BLACK1"/>
			<material name="podest" shaderParameter="colorMat1" color="SHARED_BLACK1"/>
            <material name="_hubColor0" color="SHARED_BLACK1"/>
			<material name="attacher_mat" shaderParameter="colorMat0" color="SHARED_BLACK1"/>
        </designConfiguration>
        <designConfiguration name="$l10n_configuration_valueDesign03" price="800">
            <material name="Metaltech_mat" shaderParameter="colorMat0" color="METALTECH_RED"/>
            <material name="Metaltech_mat" shaderParameter="colorMat1" color="SHARED_BLACK1"/>
			<material name="coverColor_mat" shaderParameter="colorMat0" color="METALTECH_RED"/>
            <material name="coverColor_mat" shaderParameter="colorMat4" color="METALTECH_RED"/>
			<material name="podest" shaderParameter="colorMat1" color="SHARED_BLACK1"/>
            <material name="_hubColor0" color="SHARED_BLACK1"/>
			<material name="attacher_mat" shaderParameter="colorMat0" color="SHARED_BLACK1"/>
        </designConfiguration>
		<designConfiguration name="$l10n_configuration_valueDesign04" price="800">
            <material name="Metaltech_mat" shaderParameter="colorMat0" color="NEWHOLLAND_YELLOW1"/>
            <material name="Metaltech_mat" shaderParameter="colorMat1" color="METALTECH_RED"/>
            <material name="coverColor_mat" shaderParameter="colorMat0" color="NEWHOLLAND_YELLOW1"/>
            <material name="coverColor_mat" shaderParameter="colorMat4" color="METALTECH_RED"/>
			<material name="podest" shaderParameter="colorMat1" color="METALTECH_RED"/>
            <material name="_hubColor0" color="METALTECH_RED"/>
			<material name="attacher_mat" shaderParameter="colorMat0" color="METALTECH_RED"/>
        </designConfiguration>
		<designConfiguration name="$l10n_configuration_valueDesign05" price="800">
            <material name="Metaltech_mat" shaderParameter="colorMat0" color="NEWHOLLAND_BLUE1"/>
            <material name="Metaltech_mat" shaderParameter="colorMat1" color="SHARED_BLACK1"/>
            <material name="coverColor_mat" shaderParameter="colorMat0" color="NEWHOLLAND_BLUE1"/>
            <material name="coverColor_mat" shaderParameter="colorMat4" color="SHARED_BLACK1"/>
			<material name="podest" shaderParameter="colorMat1" color="SHARED_BLACK1"/>
            <material name="_hubColor0" color="SHARED_BLACK1"/>
			<material name="attacher_mat" shaderParameter="colorMat0" color="SHARED_BLACK1"/>
        </designConfiguration>
		<designConfiguration name="$l10n_configuration_valueDesign06" price="800">
            <material name="Metaltech_mat" shaderParameter="colorMat0" color="SHARED_BLACK1"/>
            <material name="Metaltech_mat" shaderParameter="colorMat1" color="SHARED_BLACK1"/>
            <material name="coverColor_mat" shaderParameter="colorMat0" color="SHARED_BLACK1"/>
            <material name="coverColor_mat" shaderParameter="colorMat4" color="SHARED_BLACK1"/>
			<material name="podest" shaderParameter="colorMat1" color="SHARED_BLACK1"/>
            <material name="_hubColor0" color="SHARED_BLACK1"/>
			<material name="attacher_mat" shaderParameter="colorMat0" color="SHARED_BLACK1"/>
        </designConfiguration>
    </designConfigurations>
	
	<design2Configurations>
		<design2Configuration name="$l10n_configuration_valueDesign01">
            <objectChange node="0>3|0|0|0|0|0" visibilityActive="true" visibilityInactive="false"/>
            <objectChange node="0>3|0|0|1|0|0"  visibilityActive="true" visibilityInactive="false"/>
            <objectChange node="0>3|0|0|2|0|1"  visibilityActive="true" visibilityInactive="false"/>
        </design2Configuration>
        <design2Configuration name="$l10n_configuration_valueDesign02">
            <objectChange node="0>3|0|0|0|0|1" visibilityActive="true" visibilityInactive="false"/>
            <objectChange node="0>3|0|0|1|0|1"  visibilityActive="true" visibilityInactive="false"/>
            <objectChange node="0>3|0|0|2|0|2"  visibilityActive="true" visibilityInactive="false"/>
        </design2Configuration>
    </design2Configurations>
	
	<baseMaterial>
        <material name="Metaltech_mat" baseNode="0>2">
            <shaderParameter name="colorMat0" value="METALTECH_GREEN"/>
			<shaderParameter name="colorMat1" value="METALTECH_RED"/>
        </material>
		<material name="coverColor_mat" baseNode="0>3|0|0|5|1">
            <shaderParameter name="colorMat0" value="METALTECH_GREEN"/>
            <shaderParameter name="colorMat4" value="METALTECH_GREEN_1"/>
        </material>
		<material name="podest" baseNode="0>3|0|0|8">
            <shaderParameter name="colorMat1" value="METALTECH_RED"/>
        </material>
		<material name="attacher_mat" baseNode="0>2|7">
            <shaderParameter name="colorMat0" value="METALTECH_RED"/>
        </material>
    </baseMaterial>
	
    <wearable wearDuration="480" workMultiplier="5" fieldMultiplier="2"/>
    <washable dirtDuration="90" washDuration="1" workMultiplier="3" fieldMultiplier="2"/>

</vehicle>
